# MEX_intpoint_lon [deg], MEX_intpoint_lat [deg], MEX_intpoint_angle [deg], TGO_intpoint_lon [deg], TGO_intpoint_lat [deg], TGO_intpoint_angle [deg] 
-137.80082220105567, 19.21276396396758, 20.793624500862776, -26.777503903092054, 52.20229501758559, 62.66956590140775 
-138.72240631176595, 18.865080840312658, 20.794111207934282, -27.286742045842885, 52.545748221135284, 62.66579839963644 
-139.64241778160002, 18.51824618804373, 20.794589243934322, -27.795183596900433, 52.891839495376054, 62.6620150296019 
-140.56093805230174, 18.172347619287354, 20.795058473667744, -28.302840704725856, 53.2405380030645, 62.65821696869489 
-141.47804756263406, 17.827472143071073, 20.79551877243949, -28.80972614218677, 53.59181288192435, 62.65440541434223 
-142.39382571265196, 17.48370617645542, 20.795970026070385, -29.315853322374927, 53.945633248489465, 62.65058158360699 
-143.3083508294857, 17.141135555186743, 20.796412130900237, -29.82123631589674, 54.301968201798495, 62.646746712763495 
-144.22170013453194, 16.799845543829818, 20.796844993778286, -30.325889869765952, 54.66078682694101, 62.642902056848264 
-145.13394971195643, 16.45992084534114, 20.797268532041024, -30.82982942804024, 55.02205819845656, 62.63904888918643 
-146.04517447841772, 16.121445610046173, 20.79768267347743, -31.333071154356254, 55.38575138358656, 62.63518850089414 
-146.95544815392748, 15.784503443985617, 20.798087356281876, -31.8356319565335, 55.751835445380216, 62.631322200357396 
-147.86484323376885, 15.449177416598154, 20.798482528994477, -32.33752951343327, 56.12027944565483, 62.62745131268701 
-148.7734309613997, 15.115550067708622, 20.798868150429353, -32.83878230427795, 56.491052447811235, 62.6235771791506 
-149.68128130227413, 14.783703413792548, 20.799244189590656, -33.339409640656875, 56.864123519505036, 62.61970115658162 
-150.5884629185206, 14.453718953490048, 20.799610625576616, -33.83943170146794, 57.239461735173975, 62.61582461676591 
-151.49504314442154, 14.125677672343354, 20.7999674474718, -34.33886957107071, 57.617036178422296, 62.61194894580604 
-152.40108796264366, 13.799660046734495, 20.800314654227595, -34.83774528095573, 57.99681594426195, 62.608075543464196 
-153.30666198117507, 13.475746047000719, 20.800652254531325, -35.33608185526825, 58.37877014121149, 62.60420582248341 
-154.21182841092968, 13.154015139707612, 20.80098026666398, -35.8339033605612, 58.7628678932522, 62.600341207888384 
-155.11664904398555, 12.834546289060768, 20.80129871834686, -36.33123496019488, 59.1490783416419, 62.5964831362658 
-156.02118423242797, 12.517417957439148, 20.80160764657741, -36.82810297384715, 59.53737064658573, 62.59263305502504 
-156.92549286777484, 12.202708105034292, 20.801907097454393, -37.32453494265299, 59.92771398876358, 62.58879242163955 
-157.82963236096492, 11.890494188581672, 20.80219712599265, -37.82055970055114, 60.32007757071337, 62.58496270286969 
-158.73365862289666, 11.580853159171616, 20.802477795927814, -38.31620745248628, 60.714430618068945, 62.581145373967395 
-159.63762604550806, 11.273861459129336, 20.80274917951109, -38.81150986019208, 61.11074238065092, 62.57734191786376 
-160.54158748339452, 10.969595017954688, 20.803011357294565, -39.306500136370495, 61.50898213340862, 62.5735538243395 
-161.44559423596482, 10.668129247314445, 20.803264417907126, -39.801213148184466, 61.90911917721064, 62.56978258917963 
-162.3496960301407, 10.369539035081177, 20.803508457821575, -40.295685531097064, 62.311122839480426, 62.56602971331252 
-163.25394100360992, 10.073898738414673, 20.803743581112986, -40.7899558142244, 62.71496247467355, 62.5622967019346 
-164.15837568864555, 9.781282175883643, 20.803969899208766, -41.2840645585219, 63.120607464591664, 62.558585063620846 
-165.06304499651046, 9.491762618626883, 20.804187530630774, -41.7780545093006, 63.52802721852762, 62.554896309422375 
-165.96799220246805, 9.205412780555317, 20.804396600729827, -42.271970764772654, 63.937191173235036, 62.551231951951515 
-166.87325893142452, 8.922304807597675, 20.80459724141289, -42.76586096256036, 64.34806879271424, 62.54759350445532 
-167.77888514423225, 8.642510265994837, 20.804789590863393, -43.25977548637542, 64.76062956780544, 62.5439824798785 
-168.6849091246862, 8.366100129649464, 20.804973793255037, -43.753767695390096, 65.1748430155776, 62.54040038991625 
-169.59136746724928, 8.093144766539616, 20.8051499984594, -44.24789417919091, 65.5906786785003, 62.53684874405823 
-170.4982950655454, 7.823713924206899, 20.805318361747872, -44.742215041633756, 66.00810612338292, 62.53332904862428 
-171.40572510166103, 7.557876714331933, 20.805479043488177, -45.23679421742226, 66.4270949400631, 62.529842805792846 
-172.31368903630045, 7.295701596411664, 20.805632208835952, -45.73169982582036, 66.84761473982327, 62.526391512623185 
-173.2222165998402, 7.037256360555131, 20.80577802742182, -46.22700456660471, 67.26963515351022, 62.522976660072004 
-174.1313357843321, 6.782608109416838, 20.805916673034247, -46.72278616418062, 67.69312582932805, 62.519599732005496 
-175.04107283650487, 6.531823239288271, 20.80604832329885, -47.21912786675659, 68.11805643027054, 62.51626220420822 
-175.95145225181685, 6.284967420370879, 20.80617315935423, -47.71611900862398, 68.54439663115126, 62.51296554338877 
-176.86249676961373, 6.0421055762557225, 20.80629136552515, -48.2138556449631, 68.97211611518408, 62.50971120618445 
-177.7742273694455, 5.80330186263708, 20.806403128993104, -48.7124412702398, 69.40118457005661, 62.50650063816472 
-178.68666326859864, 5.568619645289728, 20.806508639465072, -49.21198763323067, 69.83157168342925, 62.50333527283532 
-179.59982192089993, 5.338121477341633, 20.806608088840594, -49.71261566409177, 70.26324713777943, 62.50021653064365 
179.48628098315245, 5.111869075875966, 20.806701670877846, -50.214456531764405, 70.6961806044957, 62.497145817986265 
178.57163151487268, 4.889923297898602, 20.806789580858947, -50.71765285350566, 71.1303417371067, 62.4941245262199 
177.65621750443162, 4.6723441157093815, 20.806872015255134, -51.2223600825973, 71.56570016350854, 62.4911540306767 
176.74002853640454, 4.459190591717457, 20.806949171392066, -51.728748105513894, 72.00222547702467, 62.48823568968474 
175.82305594376948, 4.250520852743282, 20.807021247115905, -52.23700308626862, 72.43988722609927, 62.48537084359491 
174.90529280030134, 4.046392063851633, 20.807088440460337, -52.747329603621125, 72.87865490238141, 62.48256081381508 
173.9867339113124, 3.846860401762309, 20.807150949315268, -53.259953136742716, 73.31849792690493, 62.47980690185263 
173.06737580268796, 3.6519810278867246, 20.807208971097452, -53.775122967327675, 73.7593856340025, 62.477110388366356 
172.147216708171, 3.4618080610408106, 20.807262702423454, -54.29311558173073, 74.20128725250866, 62.47447253222844 
171.22625655485166, 3.2763945498861697, 20.807312338785575, -54.8142386764396, 74.64417188370126, 62.47189456959812 
170.30449694681914, 3.0957924451530934, 20.807358074230965, -55.33883589531651, 75.08800847529616, 62.4693777130074 
169.3819411469387, 2.9200525717007926, 20.807400101044436, -55.867292459252255, 75.53276579063774, 62.46692315045982 
168.4585940567193, 2.7492246004714667, 20.80743860943539, -56.400041890462745, 75.97841237200451, 62.464532044544214 
167.534462194241, 2.583357020396146, 20.807473787229267, -56.93757408775123, 76.42491649666012, 62.462205531562766 
166.6095536701159, 2.4224971103116477, 20.807505819563907, -57.4804450799815, 76.8722461238989, 62.45994472067565 
165.6838781614612, 2.2666909109486864, 20.807534888591295, -58.02928887878022, 77.32036883083383, 62.45775069306282 
164.75744688386723, 2.1159831970523446, 20.807561173184936, -58.584831976582585, 77.76925173400181, 62.45562450110349 
163.83027256134847, 1.970417449696745, 20.807584848653374, -59.14791120462445, 78.21886139295921, 62.45356716757466 
162.90236939427143, 1.830035828856272, 20.807606086460275, -59.71949589473783, 78.66916369080745, 62.45157968486948 
161.97375302525793, 1.6948791462960244, 20.8076250539512, -60.30071560416541, 79.12012368489626, 62.44966301423591 
161.04444050306842, 1.5649868388445396, 20.807641914087757, -60.89289510153103, 79.57170541859088, 62.44781808503711 
160.11445024447627, 1.440396942111616, 20.807656825189227, -61.497598930749774, 80.02387168166172, 62.44604579403421 
159.18380199414926, 1.3211460647139708, 20.8076699406821, -62.11668875358733, 80.47658370209497, 62.44434700469182 
158.25251678256103, 1.2072693630709919, 20.80768140885787, -62.75239795328295, 80.92980074521374, 62.442722546507696 
157.3206168819612, 1.098800516832213, 20.8076913726394, -63.40742987013821, 81.38347958580798, 62.44117321436679 
156.3881257604399, 0.9957717049973966, 20.807699969356154, -64.0850888714885, 81.83757380367197, 62.43969976792095 
155.45506803412732, 0.8982135827888751, 20.80770733052849, -64.78945778575451, 82.29203282953026, 62.43830293099428 
154.52146941757684, 0.806155259334736, 20.807713581661584, -65.52564198367524, 82.74680063172204, 62.4369833910156 
153.58735667238525, 0.7196242762197678, 20.807718842048917, -66.30011117647953, 83.20181387541807, 62.435741798477984 
152.65275755411008, 0.638646586959551, 20.807723224585803, -67.1211876777071, 83.65699928988084, 62.4345787664264 
151.71770075755083, 0.5632465374510002, 20.807726835593197, -67.99975968614844, 84.11226981645997, 62.433494869973835 
150.7822158604654, 0.4934468474507343, 20.807729774651822, -68.95035006386448, 84.56751882543706, 62.4324906458467 
149.84633326580052, 0.42926859313017796, 20.80773213444713, -69.99276484321683, 85.02261117360283, 62.4315665919596 
148.9100841425181, 0.3707311907538544, 20.807734000625054, -71.15472217402875, 85.47736889732333, 62.430723167020574 
147.97350036510767, 0.3178523815246824, 20.80773545165887, -72.47621072848408, 85.9315473933716, 62.429960790166604 
147.03661445187726, 0.27064821763709634, 20.807736558727306, -74.01705279812973, 86.38479385091496, 62.42927984063023 
146.09945950212165, 0.22913304957584849, 20.807737385604046, -75.87076154629922, 86.83657048996241, 62.42868065743753 
145.16206913226992, 0.19331951469518807, 20.807737988558817, -78.19164986284993, 87.28600268221557, 62.42816353913811 
144.22447741111966, 0.16321852710958673, 20.807738416270166, -81.2522703292759, 87.7315515172537, 62.42772874356649 
143.28671879426736, 0.13883926892391626, 20.807738709750037, -85.57756539305645, 88.17022682117444, 62.427376487636565 
142.3488280578483, 0.12018918282729757, 20.80773890228023, -92.29599268910451, 88.59541366365464, 62.42710694716801 
141.41084023170237, 0.10727396607101541, 20.807739019360923, -104.15488495406098, 88.98976278497983, 62.42692025674583 
140.47279053208362, 0.10009756584734741, 20.807739078671148, -127.95745970052735, 89.29896072436487, 62.42681650961266 
139.5347142940343, 0.09866217608208366, 20.807739090041462, -168.56544807476948, 89.37901299997625, 62.426795757594164 
138.5966469035441, 0.1029682356496922, 20.807739055438745, 158.35863679692528, 89.16148231371419, 62.42685801105758 
137.6586237296176, 0.11301442801609467, 20.807738968963143, 141.73179130080015, 88.79840177690261, 62.42700323890331 
136.72068005637254, 0.12879768231007724, 20.80773881685718, 132.96532920879008, 88.385187380419, 62.42723136859003 
135.78285101529104, 0.15031317582030643, 20.807738577527086, 127.64845535471245, 87.95203344805081, 62.42754228619244 
134.8451715177462, 0.17755433791103617, 20.807738221576184, 124.04627062295138, 87.50940062384596, 62.42793583649265 
133.90767618792506, 0.2105128553455713, 20.807737711850407, 121.40075044553413, 87.0616544206123, 62.42841182310435 
132.97039929626672, 0.24917867900270432, 20.807737003495827, 119.33823086511752, 86.6109100740117, 62.428970008629555 
132.03337469353312, 0.2935400319675345, 20.807736044028143, 117.65557663149652, 86.15831513793886, 62.429610114848465 
131.09663574562734, 0.3435834189742442, 20.807734773413987, 116.23356324112585, 85.70454939835999, 62.43033182294146 
130.160215269271, 0.39929363717482336, 20.80773312416409, 114.99784843503392, 85.25004521781632, 62.431134773743466 
129.224145468649, 0.46065378820424957, 20.807731021437913, 113.89976412964126, 84.79509448291843, 62.43201856802994 
128.2884578731267, 0.5276452915090265, 20.807728383159912, 112.90615479184198, 84.339904654963, 62.43298276683482 
127.35318327613933, 0.6002478989029186, 20.807725120147055, 111.99367158227388, 83.8846300347454, 62.43402689179931 
126.41835167535017, 0.6784397103104313, 20.80772113624753, 111.1454050817732, 83.42939012355197, 62.43515042555162 
125.48399221416811, 0.7621971906557663, 20.807716328490443, 110.34881281475963, 82.97428088239118, 62.43635281211704 
124.55013312471115, 0.8514951878520688, 20.80771058724628, 109.59439701971023, 82.51938189498175, 62.437633457357926 
123.6168016722956, 0.9463069518432045, 20.80770379639797, 108.8748344730017, 82.06476107137804, 62.438991729443 
122.68402410152687, 1.0466041546480342, 20.807695833522246, 108.1843880973166, 81.61047782291523, 62.44042695934552 
121.75182558406047, 1.152356911354663, 20.807686570081163, 107.51849951823536, 81.15658525776556, 62.44193844136967 
120.82023016809629, 1.263533802010406, 20.807675871623434, 106.87350090570516, 80.70313173207796, 62.44352543370494 
119.88926072966377, 1.3801018943512593, 20.80766359799539, 106.24640730599474, 80.25016196696146, 62.44518715900694 
118.95893892574828, 1.5020267673130696, 20.807649603561174, 105.63476443159485, 79.79771786672652, 62.44692280500512 
118.02928514930366, 1.6292725352653028, 20.807633737432045, 105.0365353856133, 79.34583912762423, 62.44873152513599 
117.10031848618904, 1.7618018729070797, 20.807615843704323, 104.45001518827077, 78.89456369712452, 62.45061243920144 
116.17205667406203, 1.8995760407642466, 20.807595761705755, 103.87376546476573, 78.4439281248935, 62.45256463405108 
115.24451606325427, 2.042554911225407, 20.80757332624999, 103.3065639609307, 77.99396783417247, 62.4545871642882 
114.3177115796484, 2.1906969950545543, 20.807548367898693, 102.74736510565023, 77.54471733388718, 62.45667905299842 
113.39165668957054, 2.3439594683173146, 20.8075207132312, 102.19526890136297, 77.09621038609261, 62.45883929250031 
112.46636336670555, 2.5022981996579863, 20.80749018512106, 101.64949616214888, 76.6484801393855, 62.4610668451167 
111.54184206103707, 2.6656677778644013, 20.807456603019343, 101.10936863914266, 76.2015592361182, 62.463360643966624 
110.61810166980808, 2.8340215396581567, 20.807419783244196, 100.5742929444941, 75.75547989925192, 62.46571959377638 
109.69514951049334, 3.007311597647965, 20.80737953927634, 100.04374745359989, 75.3102740032445, 62.46814257170882 
108.77299129576869, 3.185488868384736, 20.807335682060085, 99.51727156160685, 74.8659731323146, 62.47062842821057 
107.85163111045853, 3.368503100457634, 20.807288020309468, 98.99445681519006, 74.42260862864664, 62.47317598787549 
106.93107139043646, 3.55630290257146, 20.807236360819097, 98.47493954879133, 73.98021163251984, 62.47578405032402 
106.011312903452, 3.748835771546648, 20.80718050877938, 97.95839473596654, 73.53881311590887, 62.47845139109714 
105.09235473184937, 3.9460481201846913, 20.807120268095538, 97.44453082836593, 73.09844391077135, 62.48117676256399 
104.17419425714347, 4.147885304942779, 20.807055441710208, 96.93308540225482, 72.65913473298461, 62.48395889484258 
103.25682714641188, 4.35429165336346, 20.806985831929047, 96.42382146904872, 72.22091620269671, 62.48679649673194 
102.34024734046106, 4.56521049120626, 20.80691124074894, 95.91652433475952, 71.78381886170641, 62.48968825665525 
101.42444704372046, 4.780584169230155, 20.806831470188435, 95.41099891549588, 71.34787318836625, 62.49263284361297 
100.50941671581589, 5.000354089577742, 20.806746322619947, 94.90706743368477, 70.91310961040975, 62.49562890814437 
99.59514506477257, 5.224460731713323, 20.806655601103202, 94.40456743357359, 70.47955851602931, 62.49867508329726 
98.6816190417947, 5.452843677869744, 20.806559109719686, 93.90335006564574, 70.04725026347226, 62.50176998560448 
97.76882383756855, 5.6854416379602135, 20.806456653907382, 93.40327859846286, 69.61621518937459, 62.50491221606596 
96.85674288003317, 5.92219247391391, 20.80634804079565, 92.90422712360328, 69.18648361601385, 62.50810036113585 
95.9453578335641, 6.163033223395794, 20.80623307953953, 92.406079425164, 68.75808585763227, 62.5113329937134 
95.03464859951275, 6.407900122873696, 20.806111581653266, 91.90872799001234, 68.33105222595432, 62.514608674136525 
94.12459331804561, 6.656728629997402, 20.805983361342435, 91.41207313883282, 67.9054130350043, 62.517925951177325 
93.21516837122647, 6.90945344525708, 20.805848235834315, 90.91602226118408, 67.48119860531075, 62.521283363038336 
92.30634838728616, 7.16600853289018, 20.80570602570611, 90.42048914039547, 67.05843926757193, 62.52467943834859 
91.39810624602416, 7.426327141008419, 20.80555655521046, 89.92539335629745, 66.63716536584384, 62.52811269715865 
90.49041308528777, 7.6903418209185705, 20.805399652597945, 89.43065975558054, 66.21740726030345, 62.53158165193325 
89.5832383084766, 7.957984445612735, 20.805235150436058, 88.9362179810793, 65.79919532963147, 62.535084808541264 
88.67654959301964, 8.229186227406311, 20.805062885924254, 88.44200205253543, 65.38255997305203, 62.53862066724123 
87.77031289977683, 8.503877734703584, 20.80488270120475, 87.94794999245144, 64.96753161206117, 62.54218772366214 
86.86449248331587, 8.781988907873393, 20.80469444366842, 87.45400349153712, 64.5541406918716, 62.54578446977818 
85.95905090302054, 9.063449074218958, 20.80449796625575, 86.96010760900538, 64.14241768259639, 62.549409394877 
85.05394903498637, 9.348186962028507, 20.804293127751972, 86.46621050361207, 63.732393080191336, 62.55306098651957 
84.14914608466451, 9.636130713694781, 20.80407979307653, 85.97226319188022, 63.324097407172836, 62.556737731492284 
83.2445996002161, 9.927207897894071, 20.803857833566006, 85.47821933041168, 62.917561213125346, 62.56043811674892 
82.34026548654315, 10.221345520816921, 20.80362712725038, 84.98403501958741, 62.512815075010565, 62.564160630342656 
81.43609801996557, 10.518470036444716, 20.803387559122307, 84.48966862629815, 62.109889597288564, 62.56790376234687 
80.53204986351648, 10.818507355868396, 20.8031390213988, 83.99508062363972, 61.70881541185957, 62.571666005763866 
79.62807208283283, 11.121382855646992, 20.802881413775207, 83.50023344576084, 61.30962317783363, 62.57544585742086 
78.72411416262102, 11.42702138520595, 20.802614643671003, 83.00509135626899, 60.912343581134394, 62.57924181885264 
77.82012402368235, 11.73534727327649, 20.802338626467133, 82.50962032878927, 60.517007333942146, 62.58305239716969 
76.91604804048588, 12.046284333379523, 20.802053285734523, 82.01378793843553, 60.123645173980194, 62.58687610591144 
76.01183105928204, 12.359755868358675, 20.801758553453507, 81.51756326309608, 59.73228786364847, 62.59071146588376 
75.10741641675355, 12.675684673969469, 20.801454370223805, 81.02091679356025, 59.34296618900668, 62.5945570059799 
74.20274595920523, 12.99399304153258, 20.80114068546483, 80.52382035162192, 58.95571095860972, 62.598411263984744 
73.29776006229929, 13.314602759661204, 20.800817457605962, 80.02624701539075, 58.57055300219707, 62.60227278736088 
72.39239765134623, 13.63743511507422, 20.80048465426664, 79.52817105112543, 58.18752316923712, 62.60614013401659 
71.48659622216834, 13.962410892507961, 20.80014225242586, 79.02956785097726, 57.806652327328145, 62.61001187305502 
70.58029186255543, 14.289450373741753, 20.799790238580997, 78.53041387609639, 57.42797136045582, 62.6138865855036 
69.67341927433986, 14.618473335753178, 20.799428608895617, 78.03068660461044, 57.05151116710836, 62.61776286502358 
68.765911796121, 14.949399048021448, 20.79905736933608, 77.53036448403557, 56.6773026582489, 62.621639318599094 
67.8577014266764, 15.282146268998103, 20.798676535796776, 77.02942688772448, 56.30537675514556, 62.625514567205144 
66.94871884910077, 15.616633241766632, 20.798286134213793, 76.52785407499515, 55.93576438705861, 62.62938724645397 
66.03889345572081, 15.9527776889136, 20.797886200666742, 76.02562715461981, 55.56849648878476, 62.63325600721979 
65.12815337383783, 16.29049680663623, 20.797476781468763, 75.52272805138391, 55.20360399805781, 62.63711951624089 
64.21642549235737, 16.629707258112443, 20.797057933244407, 75.0191394754531, 54.841117852805496, 62.64097645669935 
63.3036354893698, 16.97032516616171, 20.79662972299531, 74.51484489431118, 54.48106898826165, 62.64482552877741 
62.38970786075135, 17.312266105226588, 20.796192228153643, 74.00982850705299, 54.1234883339331, 62.64866545019074 
61.47456594986203, 17.655445092706668, 20.79574553662296, 73.50407522083725, 53.768406810421, 62.65249495669784 
60.55813197842143, 17.999776579678908, 20.795289746806755, 72.99757062932099, 53.41585532609525, 62.65631280258565 
59.64032707865016, 18.34517444103988, 20.794824967624315, 72.49030099291342, 53.065864773622174, 62.660117761130806 
58.72107132677022, 18.69155196510812, 20.794351318513932, 71.98225322070118, 52.718466026344025, 62.66390862503677 
57.800283777963834, 19.03882184272631, 20.793868929423475, 71.47341485390986, 52.373689934510395, 62.667684206846324 
56.87788250289543, 19.386896155906058, 20.79337794078827, 70.96377405077735, 52.03156732136034, 62.671443339329144 
55.95378462590878, 19.73568636605948, 20.79287850349624, 70.45331957272627, 51.69212897905539, 62.67518487584486 
55.02790636501532, 20.085103301865335, 20.792370778840287, 69.9420407717303, 51.35540566446241, 62.67890769068096 
54.10016307379714, 20.435057146819137, 20.791854938458048, 69.42992757877911, 51.02142809478629, 62.6826106793657 
53.170469285352986, 20.78545742651979, 20.79133116425896, 68.91697049335318, 50.69022694305224, 62.686292758956235 
52.238738758420865, 21.13621299574838, 20.790799648338705, 68.40316057382705, 50.361832833437255, 62.68995286830149 
51.30488452581742, 21.487232025397002, 20.790260592881094, 67.8884894287256, 50.03627633645107, 62.69358996827976 
50.36881894533821, 21.83842198930939, 20.789714210047507, 67.3729492087636, 49.71358796396636, 62.697203042011985 
49.43045375326905, 22.189689651097822, 20.789160721853925, 66.85653259960374, 49.39379816409865, 62.70079109504943 
48.489700120662356, 22.540941051004292, 20.78860036003573, 66.3392328152731, 49.076937315935986, 62.70435315553712 
47.54646871253799, 22.892081492877505, 20.788033365900322, 65.8210435921822, 48.76303572411922, 62.70788827435205 
46.60066975017073, 23.243015531341012, 20.78745999016773, 65.30195918369421, 48.4521236132732, 62.71139552521736 
45.65221307663165, 23.59364695923106, 20.786880492799412, 64.781974355196, 48.144231122289966, 62.7148740047918 
44.70100822575209, 23.943878795387572, 20.786295142815305, 64.26108437962527, 47.83938829846462, 62.71832283273527 
43.746964494683155, 24.29361327288484, 20.78570421809943, 63.73928503341124, 47.53762509148525, 62.72174115175054 
42.789991020224036, 24.642751827793152, 20.785108005194125, 63.21657259278876, 47.23897134727829, 62.725128127600776 
41.82999685909435, 24.991195088567153, 20.78450679908322, 62.69294383044835, 46.94345680171044, 62.72848294910452 
40.866891072326304, 25.338842866160352, 20.7839009029643, 62.168396012486674, 46.65111107414942, 62.73180482810705 
39.900582813950656, 25.685594144970757, 20.783290628010363, 61.64292689562402, 46.36196366088489, 62.735092999429106 
38.930981424150474, 26.031347074726295, 20.78267629312103, 61.11653472465745, 46.0760439284122, 62.73834672079347 
37.95799652705218, 26.375998963424177, 20.782058224663647, 60.589218230119286, 45.79338110658079, 62.74156527272947 
36.981538133321145, 26.719446271442408, 20.78143675620456, 60.060976626113344, 45.51400428161023, 62.7447479584557 
36.00151674772193, 27.06158460694708, 20.780812228230683, 59.53180960830143, 45.237942388976315, 62.74789410374212 
35.01784348179821, 27.402308722723248, 20.780184987861997, 59.00171735201508, 44.96522420617045, 62.751003056751 
34.03043017181724, 27.741512514562455, 20.779555388554883, 58.470700510468106, 44.69587834533524, 62.754074187857825 
33.03918950211494, 28.079089021344384, 20.778923789796913, 57.93876021304683, 44.42993324578017, 62.75710688945259 
32.044035133964776, 28.414930426954694, 20.778290556793273, 57.405898063656224, 44.1674171663806, 62.76010057572175 
31.04488184007944, 28.748928064185748, 20.77765606014527, 56.87211613910076, 43.908358177864194, 62.76305468241176 
30.041645644838702, 29.080972420770927, 20.77702067552112, 56.337416987480054, 43.65278415498896, 62.76596866657408 
29.034243970317196, 29.410953147707566, 20.776384783319546, 55.80180362658001, 43.40072276861716, 62.768842006293276 
28.022595788166186, 29.738759070026823, 20.77574876832648, 55.26527954224159, 43.15220147768984, 62.77167420039748 
27.00662177737799, 30.064278200172733, 20.77511301936519, 54.727848686689114, 42.90724752110665, 62.77446476815329 
25.986244487937498, 30.387397754154946, 20.774477928940346, 54.18951547680193, 42.665887909516265, 62.777213248944406 
24.961388510333894, 30.708004170642827, 20.773843892876307, 53.65028479231299, 42.42814941702258, 62.77991920193548 
23.931980650875605, 31.025983133169706, 20.773211309950067, 53.11016197391954, 42.19405857281228, 62.78258220572155 
22.897950112714987, 31.34121959561798, 20.77258058151935, 52.5691528212908, 41.96364165270959, 62.78520185796387 
21.859228682451803, 31.653597811155585, 20.771952111146135, 52.02726359095904, 41.73692467066429, 62.787777775012515 
20.815750922143366, 31.96300136479457, 20.771326304216117, 51.48450099408065, 41.513933370179075, 62.79030959151685 
19.767454366503976, 32.26931320974089, 20.770703567554506, 50.94087219405435, 41.29469321568295, 62.79279696002441 
18.71427972503001, 32.572415707702184, 20.77008430903862, 50.39638480398472, 41.07922938385715, 62.79523955056884 
17.656171088734887, 32.87219067331727, 20.769468937207705, 49.85104688397931, 40.86756675492067, 62.79763705024776 
16.593076141125955, 33.168519422865984, 20.76885786087037, 49.30486693826863, 40.65972990388237, 62.799989162791114 
15.524946372997293, 33.461282827412575, 20.76825148871014, 48.75785391213854, 40.455743091767005, 62.80229560812127 
14.451737300554665, 33.75036137052782, 20.767650228889565, 48.21001718866553, 40.25563025682277, 62.80455612190478 
13.373408686325666, 34.03563521072709, 20.767054488653393, 47.66136658524541, 40.05941500571787, 62.806770455097364 
12.289924762245526, 34.31698424875032, 20.766464673931047, 47.11191234990733, 39.86712060473417, 62.80893837348251 
11.201254454242196, 34.594288199798015, 20.765881188939154, 46.5616651574045, 39.67876997096583, 62.811059657204595 
10.107371607577878, 34.86742667082378, 20.765304435784323, 46.01063610507474, 39.494385663531126, 62.81313410029715 
9.008255212135802, 35.13627924296754, 20.76473481406688, 45.458836708463785, 39.313989874805785, 62.81516151020729 
7.903889626772232, 35.40072555919647, 20.764172720485703, 44.90627889670499, 39.137604421686426, 62.81714170731697 
6.7942648017862854, 35.66064541720097, 20.763618548444924, 44.35297500764998, 38.965250736892486, 62.819074524461826 
5.679376498491441, 35.91591886757108, 20.763072687662728, 43.798937782744815, 38.79694986031548, 62.82095980644846 
4.559226504808581, 36.166426317255834, 20.762535523782812, 43.24418036164757, 38.63272243042436, 62.822797409571145 
3.4338228457361364, 36.412048638281874, 20.76200743798895, 42.68871627658314, 38.47258867573593, 62.82458720112818 
2.303179987493097, 36.652667281680806, 20.761488806622996, 42.13255944643183, 38.31656840635901, 62.82632905893938 
1.1673190340767094, 36.888164396544745, 20.760980000806946, 41.575724170549236, 38.16468100562182, 62.82802287086502 
0.026267914925163192, 37.118422954099195, 20.76048138606938, 41.018225122315314, 38.016945421791185, 62.829668534327176 
-1.11993843766709, 37.343326876648575, 20.759993321976705, 40.4600773424107, 37.8733801598929, 62.83126595583418 
-2.271257922769648, 37.56276117121634, 20.759516161769643, 39.90129623181987, 37.73400327364233, 62.832815050509154 
-3.4276411180887965, 37.776612067665226, 20.759050252005576, 39.34189754456022, 37.59883235749424, 62.83431574162283 
-4.589031141725229, 37.98476716104653, 20.75859593220676, 38.78189738013788, 37.46788453882101, 62.83576796013234 
-5.755363529858416, 38.18711555788954, 20.758153534515213, 38.221312175730674, 37.34117647022823, 62.83717164422562 
-6.9265661317932254, 38.38354802610392, 20.757723383354477, 37.66015869810012, 37.218724322016705, 62.83852673887323 
-8.102559023788249, 38.57395714812912, 20.757305795098727, 37.098454035233885, 37.10054377479966, 62.839833195387335 
-9.28325444305262, 38.75823747692608, 20.756901077749482, 36.536215587722026, 36.98665001228403, 62.84109097098921 
-10.468556743254762, 38.936285694368706, 20.756509530620534, 35.97346105986983, 36.87705771422465, 62.84230002838571 
-11.658362372824609, 39.10800077155467, 20.756131444031233, 35.41020845055122, 36.771781049559685, 62.84346033535554 
-12.85255987725698, 39.273284130519556, 20.755767099008583, 34.84647604380695, 36.67083366973602, 62.84457186434569 
-14.051029926530255, 39.43203980680331, 20.75541676699857, 34.28228239919275, 36.574228702232624, 62.84563459207871 
-15.25364536864927, 39.584174612286276, 20.7550807095869, 33.717646341882855, 36.48197874429027, 62.846648499172154 
-16.46027131019762, 39.72959829768215, 20.754759178229623, 33.15258695253485, 36.394095856855294, 62.847613569769536 
-17.670765224646075, 39.868223714048575, 20.75445241399388, 32.587123556922755, 36.31059155874527, 62.84852979118448 
-18.88497708901252, 39.99996697265344, 20.754160647309106, 32.021275715344906, 36.231476821043955, 62.84939715355809 
-20.102749549299848, 40.12474760251554, 20.753884097728964, 31.455063211814927, 36.1567620617328, 62.85021564953042 
-21.323918114961415, 40.24248870492407, 20.75362297370429, 30.888506043043364, 36.08645714056612, 62.850985273925865 
-22.548311382451168, 40.353117104231366, 20.753377472367422, 30.321624407218998, 36.02057135419638, 62.851706023454135 
-23.775751287717487, 40.456563494208936, 20.753147779327904, 29.75443869259838, 35.959113431556176, 62.85237789642592 
-25.006053387289743, 40.55276257925734, 20.75293406848019, 29.186969465913677, 35.9020915295031, 62.85300089248507 
-26.23902716739542, 40.64165320976749, 20.752736501823154, 28.619237460608236, 35.84951322873305, 62.85357501235639 
-27.474476380328056, 40.72317851094285, 20.75255522929197, 28.051263564910528, 35.80138552996773, 62.854100257610554 
-28.712199407068965, 40.79728600441084, 20.752390388602404, 27.48306880975695, 35.75771485042117, 62.85457663044582 
-29.951989644952093, 40.86392772197593, 20.752242105107634, 26.914674356574448, 35.718507020550305, 62.85500413348718 
-31.19363591894781, 40.92306031089727, 20.75211049166795, 26.34610148493457, 35.68376728109386, 62.85538276960326 
-32.43692291494128, 40.97464513011026, 20.751995648533363, 25.77737158009042, 35.653500280403556, 62.855712541740964 
-33.681631633185475, 41.018648336852834, 20.75189766323922, 25.2085061204086, 35.627710072071416, 62.85599345277874 
-34.92753985993058, 41.05504096320476, 20.75181661051513, 24.63952666470793, 35.60640011285619, 62.856225505397916 
-36.174422655063765, 41.08379898210034, 20.751752552207137, 24.070454839517875, 35.58957326091207, 62.85640870197295 
-37.42205285344877, 41.104903362431436, 20.75170553721327, 23.501312326268895, 35.577231774321646, 62.85654304448053 
-38.67020157752478, 41.1183401129184, 20.751675601432627, 22.93212084842753, 35.56937730993574, 62.85662853442743 
-39.91863875861939, 41.124100314490306, 20.75166276772796, 22.36290215858928, 35.56601092252113, 62.85666517279791 
-41.16713366434811, 41.12218014098304, 20.75166704590185, 21.793678025541826, 35.56713306421774, 62.856652960019694 
-42.41545542941352, 41.112580868031884, 20.75168843268648, 21.224470221312114, 35.57274358430577, 62.856591895949855 
-43.66337358708642, 41.09530887010584, 20.751726911747056, 20.655300508210097, 35.5828417292834, 62.85648197987934 
-44.91065859864315, 41.07037560570123, 20.751782453698844, 20.086190625882388, 35.59742614325463, 62.85632321055725 
-46.15708237805499, 41.037797590782986, 20.75185501613774, 19.51716227838853, 35.61649486862693, 62.856115586234054 
-47.4024188092677, 40.997596360630716, 20.751944543684484, 18.948237121313454, 35.64004534711764, 62.855859104723955 
-48.646444253483, 40.94979842031537, 20.752050968042393, 18.37943674892853, 35.6680744210679, 62.85555376348653 
-49.88893804394548, 40.894435184097276, 20.752174208068393, 17.81078268141448, 35.700578335061905, 62.85519955972697 
-51.12968296585779, 40.831542904098555, 20.75231416985761, 17.24229635215823, 35.73755273784984, 62.85479649051541 
-52.368465719182154, 40.76116258866203, 20.75247074684102, 16.67399909513686, 35.77899268457131, 62.85434455292456 
-53.6050773622451, 40.68333991086273, 20.7526438198964, 16.10591213240048, 35.82489263927654, 62.853843744185816 
-54.839313734234324, 40.598125107688176, 20.752833257472187, 15.538056561666172, 35.87524647774176, 62.8532940618636 
-56.07097585486335, 40.505572870448084, 20.75303891572424, 14.97045334403509, 35.93004749057507, 62.85269550404718 
-57.299870299679924, 40.405742227012844, 20.75326063866526, 14.403123291843588, 35.98928838660845, 62.85204806956049 
-58.5258095496989, 40.298696416514176, 20.753498258326818, 13.836087056660338, 36.052961296571326, 62.85135175818875 
-59.748612314255666, 40.184502757168104, 20.7537515949336, 13.269365117439708, 36.12105777704086, 62.85060657092219 
-60.96810382619189, 40.06323250790214, 20.754020457089876, 12.702977768842292, 36.193568814663536, 62.84981251021606 
-62.184116108702824, 39.934960724484, 20.75430464197781, 12.13694510973224, 36.27048483064255, 62.848969580266825 
-63.39648821338962, 39.799766110858265, 20.754603935567452, 11.571287031861678, 36.35179568548489, 62.848077787303936 
-64.60506642927234, 39.65773086640185, 20.754918112838194, 11.00602320875102, 36.43749068400194, 62.84713713989663 
-65.80970446272225, 39.50894052980603, 20.755246938011314, 10.44117308477415, 36.52755858055704, 62.846147649275494 
-67.01026358846798, 39.35348382028701, 20.755590164793464, 9.876755864457028, 36.6219875845531, 62.845109329668354 
-68.20661277201576, 39.191452476813204, 20.755947536630696, 9.312790501997087, 36.720765366153216, 62.84402219864934 
-69.39862876399546, 39.022941096022244, 20.756318786972887, 8.74929569101144, 36.82387906222694, 62.84288627750156 
-70.58619616710583, 38.848046969478034, 20.75670363954804, 8.186289854520215, 36.93131528251446, 62.84170159159183 
-71.76920747647655, 38.66686992089478, 20.757101808646286, 7.62379113517177, 37.04306011600113, 62.840468170757624 
-72.94756309439627, 38.479512143925795, 20.757512999413276, 7.06181738571505, 37.15909913749404, 62.839186049705006 
-74.12117132046984, 38.28607804108418, 20.757936908152473, 6.500386159724956, 37.279417414392704, 62.83785526841757 
-75.28994831836788, 38.086674064329536, 20.758373222636127, 5.939514702584854, 37.40399951364531, 62.83647587257504 
-76.45381806041496, 37.881408557818574, 20.758821622424502, 5.379219942730768, 37.53282950888204, 62.83504791398149 
-77.6127122513317, 37.67039160328155, 20.75928177919297, 4.819518483160226, 37.665890987716956, 62.83357145100208 
-78.76657023249592, 37.45373486844829, 20.75975335706667, 4.2604265932093375, 37.80316705920945, 62.83204654900779 
-79.91533886812975, 37.23155145890893, 20.760236012962235, 3.701960200599977, 37.94464036147661, 62.830473280827356 
-81.05897241484054, 37.00395577375604, 20.760729396936256, 3.144134883758998, 38.09029306944739, 62.82885172720573 
-82.19743237595593, 36.771063365316145, 20.76123315254007, 2.58696586441073, 38.2401069027498, 62.82718197726865 
-83.33068734209222, 36.53299080324049, 20.761746917180428, 2.030468000442963, 38.39406313372173, 62.825464128991584 
-84.4587128193812, 36.2898555431877, 20.762270322485644, 1.4746557790468728, 38.5521425955367, 62.82369828967374 
-85.58149104675981, 36.041775800294396, 20.762802994676786, 0.9195433101297978, 38.71432569043511, 62.82188457641511 
-86.69901080369313, 35.78887042759514, 20.763344554943547, 0.36514432000003455, 38.880592398052165, 62.82002311659634 
-87.81126720966385, 35.531258799519, 20.76389461982422, -0.18852785467876912, 39.050922283833195, 62.81811404836076 
-88.91826151671118, 35.26906070055842, 20.76445280158948, -0.7414602726653656, 39.22529450752748, 62.8161575210975 
-90.02000089625271, 35.00239621917565, 20.76501870862943, -1.2936403936543697, 39.40368783175151, 62.81415369592503 
-91.11649822136302, 34.73138564698357, 20.7655919458435, -1.8450560835288872, 39.58608063061278, 62.81210274617426 
-92.20777184562155, 34.456149383211354, 20.766172115032823, -2.395695619356328, 39.7724508983852, 62.81000485787071 
-93.29384537957955, 34.17680784444052, 20.76675881529444, -2.945547694132767, 39.962776258227635, 62.807860230214345 
-94.37474746582596, 33.89348137957507, 20.76735164341714, -3.49460142128057, 40.15703397093649, 62.80566907605701 
-95.4505115535679, 33.606290189988144, 20.76795019427822, -4.0428463389057265, 40.35520094372425, 62.803431622376095 
-96.52117567356993, 33.31535425476937, 20.768554061240874, -4.5902724138211815, 40.557253739015145, 62.80114811074393 
-97.58678221423017, 33.020793260980156, 20.76916283655185, -5.1368700453436515, 40.76316858325023, 62.79881879779209 
-98.64737769950199, 32.72272653880993, 20.76977611173849, -5.682630068871184, 40.97292137569306, 62.79644395566965 
-99.70301256930408, 32.42127300151246, 20.77039347800535, -6.227543759250036, 41.186487697228785, 62.79402387249497 
-100.75374096299736, 32.1165510899907, 20.7710145266293, -6.771602833939715, 41.40384281914818, 62.7915588527997 
-101.79962050644309, 31.808678721888995, 20.77163884935314, -7.3147994559854315, 41.624961711909556, 62.789049217964866 
-102.84071210309777, 31.497773245042836, 20.77226603877698, -7.857126236808356, 41.84981905387086, 62.786495306647765 
-103.87707972954013, 31.183951395130435, 20.772895688747138, -8.39857623882381, 42.078389239984745, 62.783897475199055 
-104.90879023577291, 30.86732925736463, 20.773527394741976, -8.939142977899003, 42.31064639044993, 62.7812560980696 
-105.93591315058785, 30.548022232059726, 20.774160754254307, -9.478820425661675, 42.54656435931143, 62.77857156820575 
-106.95852049223491, 30.226145003905188, 20.77479536717, -10.017603011672641, 42.78611674300384, 62.775844297433046 
-107.97668658458907, 29.901811514776277, 20.775430836142164, -10.55548562547451, 43.0292768888306, 62.77307471682693 
-108.99048787896683, 29.575134939910594, 20.77606676696075, -11.092463618530845, 43.2760179033737, 62.77026327707026 
-110.00000278170315, 29.246227667280344, 20.776702768916913, -11.628532806069513, 43.52631266082734, 62.76741044879689 
-111.00531148756497, 28.915201279989745, 20.777338455161946, -12.163689468845801, 43.78013381125045, 62.76451672292018 
-112.00649581904189, 28.58216654153001, 20.777973443060176, -12.69793035484023, 44.03745378873217, 62.76158261094661 
-113.00363907152504, 28.247233383725348, 20.778607354535648, -13.23125268090792, 44.29824481946529, 62.75860864527311 
-113.99682586435773, 27.910510897206517, 20.779239816411984, -13.763654134396512, 44.5624789297226, 62.75559537946772 
-114.98614199771541, 27.572107324251895, 20.77987046074527, -14.295132874750204, 44.83012795373151, 62.752543388533326 
-115.97167431525169, 27.23213005383896, 20.780498925149413, -14.825687535119302, 45.10116354144238, 62.74945326915322 
-116.95351057242561, 26.8906856187537, 20.78112485311377, -15.355317223993998, 45.37555716618621, 62.74632563991866 
-117.93173931040931, 26.547879694608813, 20.78174789431254, -15.884021526883613, 45.65328013221786, 62.743161141537044 
-118.90644973545935, 26.20381710062679, 20.78236770490574, -16.411800508062225, 45.93430358214085, 62.73996043702124 
-119.87773160362224, 25.858601802047357, 20.78298394783137, -16.938654712403785, 46.21859850421028, 62.73672421185834 
-120.84567511063314, 25.512336914024896, 20.783596293088376, -17.464585167329744, 46.50613573951044, 62.73345317415836 
-121.81037078685765, 25.16512470688468, 20.784204418010287, -17.989593384894484, 46.79688598900416, 62.730148054782084 
-122.77190939711896, 24.817066612612557, 20.784808007529083, -18.51368136403454, 47.090819820450896, 62.72680960744703 
-123.73038184524647, 24.46826323245712, 20.78540675442899, -19.036851593008972, 47.38790767519094, 62.72343860881249 
-124.68587908317762, 24.118814345528055, 20.78600035959018, -19.559107052060483, 47.68811987479338, 62.72003585854153 
-125.63849202444041, 23.768818918279415, 20.786588532221764, -20.080451216327244, 47.991426627565545, 62.71660217934115 
-126.58831146184323, 23.418375114770967, 20.787170990084164, -20.600888059038336, 48.29779803492184, 62.71313841697918 
-127.53542798919608, 23.067580307605493, 20.787747459700384, -21.120422055027102, 48.6072040976103, 62.70964544027799 
-128.47993192688898, 22.716531089444146, 20.788317676556133, -21.639058184598987, 48.91961472179523, 62.70612414108496 
-129.4219132511516, 22.36532328500684, 20.788881385288526, -22.15680193779236, 49.23499972499434, 62.702575434218815 
-130.36146152682204, 22.014051963468415, 20.789438339863185, -22.673659319074048, 49.55332884186943, 62.69900025739214 
-131.29866584345316, 21.662811451165812, 20.78998830373955, -23.189636852513146, 49.87457172986921, 62.695399571109796 
-132.23361475458952, 21.31169534453506, 20.79053105002426, -23.70474158748077, 50.19869797472377, 62.69177435854247 
-133.16639622004845, 20.960796523201388, 20.791066361612508, -24.21898110492544, 50.525677095789604, 62.688125625376 
-134.09709755104606, 20.61020716314891, 20.791594031317096, -24.732363524278675, 50.85547855124489, 62.68445439963579 
-135.02580535801027, 20.260018749900155, 20.79211386198523, -25.24489751104833, 51.188071743134465, 62.680761731486406 
-135.95260550092945, 19.910322091639227, 20.792625666602877, -25.756592285162267, 51.52342602226422, 62.677048693006135 
-136.87758304208936, 19.561207332215407, 20.7931292683866, -26.26745763012965, 51.861510692944975, 62.6733163779367 
-137.80082220105564, 19.212763963967586, 20.793624500862776, -26.77750390309204, 52.202295017585584, 62.66956590140775 
