# lon_gridpoint [deg], lat_gridpoint [deg], P_R_modelGRS [W], P_R_modelFREND [W] 
-7.625, -69.625, 1.4368190337727684e-24, nan 
-7.375, -69.625, 8.534266176487955e-25, nan 
-7.875, -69.375, 1.4971367012314522e-24, nan 
-7.625, -69.375, 5.213861896643187e-25, nan 
-7.375, -69.375, 6.618192570895951e-25, nan 
-7.125, -69.375, 6.836094385889567e-25, nan 
-6.875, -69.375, 4.748174043257294e-25, nan 
-7.875, -69.125, 2.832101434828117e-24, nan 
-7.625, -69.125, 2.2747580733509217e-24, nan 
-7.375, -69.125, 2.2100406819528422e-24, nan 
-7.125, -69.125, 1.5545158070387292e-24, nan 
-6.875, -69.125, 8.381580868271596e-25, nan 
-6.625, -69.125, 7.030183268758584e-25, nan 
-7.875, -68.875, 3.487229819049224e-24, nan 
-7.625, -68.875, 1.855619612916855e-24, nan 
-7.375, -68.875, 8.856076871691867e-25, nan 
-7.125, -68.875, 1.0197675598559959e-24, nan 
-6.875, -68.875, 1.0345660315264244e-24, nan 
-6.625, -68.875, 8.292424541927186e-25, nan 
-6.375, -68.875, 1.1933711604478366e-24, nan 
-6.125, -68.875, 1.5987708162431335e-24, nan 
-7.875, -68.625, 1.395941759906697e-24, nan 
-7.625, -68.625, 9.137087413528229e-25, nan 
-7.375, -68.625, 1.2559400895026857e-24, nan 
-7.125, -68.625, 1.4807214491049159e-24, nan 
-6.875, -68.625, 9.570362345856313e-25, nan 
-6.625, -68.625, 1.2513427589854847e-24, nan 
-6.375, -68.625, 6.098777420378087e-25, nan 
-6.125, -68.625, 1.0433796895404211e-24, nan 
-5.875, -68.625, 2.654154480457363e-24, nan 
-5.625, -68.625, 2.1912083145645067e-24, nan 
-8.125, -68.375, 1.7656624790026866e-24, nan 
-7.875, -68.375, 1.801765289242123e-24, nan 
-7.625, -68.375, 1.60489003018937e-24, nan 
-7.375, -68.375, 1.3237760906076887e-24, nan 
-7.125, -68.375, 1.476927954904472e-24, nan 
-6.875, -68.375, 1.19948139146318e-24, nan 
-6.625, -68.375, 1.95640941477758e-24, nan 
-6.375, -68.375, 1.7234823896588867e-24, nan 
-6.125, -68.375, 1.823224921553741e-24, nan 
-5.875, -68.375, 2.8726818549241053e-24, nan 
-5.625, -68.375, 2.8346516125800357e-24, nan 
-5.375, -68.375, 3.2709977278272223e-24, nan 
-8.125, -68.125, 1.689391797300955e-24, nan 
-7.875, -68.125, 1.4600319085957501e-24, nan 
-7.625, -68.125, 1.6523566666100896e-24, nan 
-7.375, -68.125, 9.528350809624904e-25, nan 
-7.125, -68.125, 3.782991503231662e-25, nan 
-6.875, -68.125, 1.250574454081513e-24, nan 
-6.625, -68.125, 1.3750973875923528e-24, nan 
-6.375, -68.125, 1.8833866647192718e-24, nan 
-6.125, -68.125, 1.840489556693242e-24, nan 
-5.875, -68.125, 1.0805488185554182e-24, nan 
-5.625, -68.125, 5.622157448973346e-25, nan 
-5.375, -68.125, 1.1885274594896753e-24, nan 
-5.125, -68.125, 2.634650011362276e-24, nan 
-8.125, -67.875, 1.3480052207729535e-24, nan 
-7.875, -67.875, 1.8172114321407856e-24, nan 
-7.625, -67.875, 1.6495700443522863e-24, nan 
-7.375, -67.875, 1.2634849998142789e-24, nan 
-7.125, -67.875, 1.3296163139833867e-24, nan 
-6.875, -67.875, 1.6590750271438485e-24, nan 
-6.625, -67.875, 9.114945002232586e-25, nan 
-6.375, -67.875, 2.442109344003312e-24, nan 
-6.125, -67.875, 1.9754629292856523e-24, nan 
-5.875, -67.875, 1.281848135042612e-24, nan 
-5.625, -67.875, 8.511602286931416e-25, nan 
-5.375, -67.875, 9.715992710208982e-25, nan 
-5.125, -67.875, 1.0901600784476984e-24, nan 
-4.875, -67.875, 5.600199606601969e-25, nan 
-4.625, -67.875, 1.7140362705771174e-24, nan 
-8.125, -67.625, 1.003122709805871e-24, nan 
-7.875, -67.625, 7.638746662947705e-25, nan 
-7.625, -67.625, 1.0062548251663537e-24, nan 
-7.375, -67.625, 2.04351436655032e-24, nan 
-7.125, -67.625, 7.139479390948016e-25, nan 
-6.875, -67.625, 1.3540920350123983e-24, nan 
-6.625, -67.625, 1.2523424338833745e-24, nan 
-6.375, -67.625, 1.2333710684986871e-24, nan 
-6.125, -67.625, 1.4936140071458068e-24, nan 
-5.875, -67.625, 1.1474574115627691e-24, nan 
-5.625, -67.625, 5.805388164489261e-25, nan 
-5.375, -67.625, 8.905954166461675e-25, nan 
-5.125, -67.625, 1.3601530789218634e-24, nan 
-4.875, -67.625, 2.239102852173537e-24, nan 
-4.625, -67.625, 4.1200556258968603e-25, nan 
-4.375, -67.625, 2.3044376561797933e-24, nan 
-8.125, -67.375, 1.209418830458323e-24, nan 
-7.875, -67.375, 9.813608043573343e-25, nan 
-7.625, -67.375, 6.112692038630866e-25, nan 
-7.375, -67.375, 1.6844533209421977e-24, nan 
-7.125, -67.375, 6.132142013288234e-25, nan 
-6.875, -67.375, 9.666183232939755e-25, nan 
-6.625, -67.375, 1.0295045211808333e-24, nan 
-6.375, -67.375, 6.772228398250341e-25, nan 
-6.125, -67.375, 1.2550801292679621e-24, nan 
-5.875, -67.375, 1.25011285194531e-24, nan 
-5.625, -67.375, 4.309230738485798e-25, nan 
-5.375, -67.375, 6.281732400659104e-25, nan 
-5.125, -67.375, 9.562662548782382e-25, nan 
-4.875, -67.375, 7.92120778876042e-25, nan 
-4.625, -67.375, 7.42817697439102e-25, nan 
-4.375, -67.375, 2.3736017844302464e-24, nan 
-4.125, -67.375, 3.939709053570313e-24, nan 
-8.125, -67.125, 1.3229201506074099e-24, nan 
-7.875, -67.125, 1.1588721221533533e-24, nan 
-7.625, -67.125, 4.772855456847511e-25, nan 
-7.375, -67.125, 2.7875567950909187e-25, nan 
-7.125, -67.125, 4.632133710565772e-25, nan 
-6.875, -67.125, 3.9509119866555174e-25, nan 
-6.625, -67.125, 5.076176721979526e-25, nan 
-6.375, -67.125, 8.591469498073439e-25, nan 
-6.125, -67.125, 6.889570133085735e-25, nan 
-5.875, -67.125, 8.83902615220778e-25, nan 
-5.625, -67.125, 8.2394955077336405e-25, nan 
-5.375, -67.125, 4.718444387313269e-25, nan 
-5.125, -67.125, 7.14587289532153e-25, nan 
-4.875, -67.125, 9.662644517388896e-25, nan 
-4.625, -67.125, 8.306001557908928e-25, nan 
-4.375, -67.125, 6.197066202121125e-25, nan 
-4.125, -67.125, 5.072725319323453e-25, nan 
-3.875, -67.125, 1.7714766746163383e-24, nan 
-8.125, -66.875, 4.6713934019101215e-25, nan 
-7.875, -66.875, 7.160435285225309e-25, nan 
-7.625, -66.875, 5.319840748245326e-25, nan 
-7.375, -66.875, 3.0726347293601602e-25, nan 
-7.125, -66.875, 2.7742789471864617e-25, nan 
-6.875, -66.875, 4.519274765403232e-25, nan 
-6.625, -66.875, 5.334451654073567e-25, nan 
-6.375, -66.875, 6.647794898986213e-25, nan 
-6.125, -66.875, 3.200477337912097e-25, nan 
-5.875, -66.875, 4.0438818523037866e-25, nan 
-5.625, -66.875, 9.171098058199534e-25, nan 
-5.375, -66.875, 1.0551703481323301e-24, nan 
-5.125, -66.875, 5.565322267634206e-25, nan 
-4.875, -66.875, 9.579552553052987e-25, nan 
-4.625, -66.875, 1.311073308035007e-24, nan 
-4.375, -66.875, 8.179041114731955e-25, nan 
-4.125, -66.875, 5.229525771408582e-25, nan 
-3.875, -66.875, 5.775946182080552e-25, nan 
-3.625, -66.875, 1.115834140989122e-24, nan 
-8.125, -66.625, 1.4374371102193965e-25, nan 
-7.875, -66.625, 5.662546029147235e-25, nan 
-7.625, -66.625, 5.711473719509496e-25, nan 
-7.375, -66.625, 6.459488790774712e-25, nan 
-7.125, -66.625, 5.065594613426874e-25, nan 
-6.875, -66.625, 4.214627649164492e-25, nan 
-6.625, -66.625, 1.059506952225883e-24, nan 
-6.375, -66.625, 6.503675643100539e-25, nan 
-6.125, -66.625, 1.881461855655528e-25, nan 
-5.875, -66.625, 7.1640227284904545e-25, nan 
-5.625, -66.625, 4.66794572652857e-25, nan 
-5.375, -66.625, 4.875635940140348e-25, nan 
-5.125, -66.625, 7.344187293585273e-25, nan 
-4.875, -66.625, 5.285263696470023e-25, nan 
-4.625, -66.625, 7.552449859203139e-25, nan 
-4.375, -66.625, 6.626443349618214e-25, nan 
-4.125, -66.625, 6.411446449826131e-25, nan 
-3.875, -66.625, 6.0392138025098624e-24, nan 
-3.625, -66.625, 4.3520992777445324e-24, nan 
-3.375, -66.625, 2.935611272684687e-24, nan 
-8.125, -66.375, 3.4477066552699404e-25, nan 
-7.875, -66.375, 6.138883427654167e-25, nan 
-7.625, -66.375, 5.79888406697189e-25, nan 
-7.375, -66.375, 3.7906853801716184e-25, nan 
-7.125, -66.375, 5.57119423253089e-25, nan 
-6.875, -66.375, 5.077854920780619e-25, nan 
-6.625, -66.375, 5.291788154750841e-25, nan 
-6.375, -66.375, 5.274019540251373e-25, nan 
-6.125, -66.375, 5.849830520943102e-25, nan 
-5.875, -66.375, 1.0992582747693004e-24, nan 
-5.625, -66.375, 5.536472550017029e-25, nan 
-5.375, -66.375, 1.1114787817705298e-24, nan 
-5.125, -66.375, 1.7242318352390775e-24, nan 
-4.875, -66.375, 6.286927612389539e-25, nan 
-4.625, -66.375, 4.063628934789648e-25, nan 
-4.375, -66.375, 6.494272764593357e-25, nan 
-4.125, -66.375, 2.357368940628303e-24, nan 
-3.875, -66.375, 1.1356003003820599e-23, nan 
-3.625, -66.375, 1.2602876510589716e-23, nan 
-3.375, -66.375, 5.357446279985548e-24, nan 
-3.125, -66.375, 2.268810612233525e-23, nan 
-8.125, -66.125, 9.3937346020119e-25, nan 
-7.875, -66.125, 1.1102124313398073e-24, nan 
-7.625, -66.125, 5.353810159912763e-25, nan 
-7.375, -66.125, 3.1035635963013756e-25, nan 
-7.125, -66.125, 3.812809324834457e-25, nan 
-6.875, -66.125, 6.34964112391656e-25, nan 
-6.625, -66.125, 5.49222421679085e-25, nan 
-6.375, -66.125, 4.0957071182852174e-25, nan 
-6.125, -66.125, 1.0035344394276623e-24, nan 
-5.875, -66.125, 8.947327876995416e-25, nan 
-5.625, -66.125, 1.3802719356253256e-24, nan 
-5.375, -66.125, 2.147325285263995e-24, nan 
-5.125, -66.125, 1.9692496857281126e-24, nan 
-4.875, -66.125, 5.61051702159916e-25, nan 
-4.625, -66.125, 1.3862414267585492e-24, nan 
-4.375, -66.125, 1.637136102788355e-24, nan 
-4.125, -66.125, 9.95105092637978e-25, nan 
-3.875, -66.125, 1.3270582347649412e-24, nan 
-3.625, -66.125, 1.1674107177397949e-24, nan 
-3.375, -66.125, 2.956580654466039e-24, nan 
-3.125, -66.125, 1.479448910667572e-23, nan 
-2.875, -66.125, 1.5728398033898992e-23, nan 
-8.125, -65.875, 2.5509437060995403e-24, nan 
-7.875, -65.875, 1.0971601809708545e-24, nan 
-7.625, -65.875, 9.189585549804057e-25, nan 
-7.375, -65.875, 1.0468931469591502e-24, nan 
-7.125, -65.875, 3.2551785692151574e-25, nan 
-6.875, -65.875, 1.024599006593552e-24, nan 
-6.625, -65.875, 1.1110840234479152e-24, nan 
-6.375, -65.875, 1.0128831071093702e-24, nan 
-6.125, -65.875, 8.072412717976501e-25, nan 
-5.875, -65.875, 7.667532895733169e-25, nan 
-5.625, -65.875, 2.4802687089928185e-24, nan 
-5.375, -65.875, 1.2427496759190747e-24, nan 
-5.125, -65.875, 1.0542418082380863e-24, nan 
-4.875, -65.875, 2.0713149233021674e-24, nan 
-4.625, -65.875, 2.0174411566997732e-24, nan 
-4.375, -65.875, 1.4369190176283748e-24, nan 
-4.125, -65.875, 1.8506121325128327e-24, nan 
-3.875, -65.875, 2.048631263518079e-24, nan 
-3.625, -65.875, 1.5420503747032997e-24, nan 
-3.375, -65.875, 1.6013577842741492e-24, nan 
-3.125, -65.875, 1.5458271726859532e-24, nan 
-2.875, -65.875, 1.0435431149630095e-24, nan 
-2.625, -65.875, 1.2276303417848069e-24, nan 
-8.125, -65.625, 1.170499210261392e-24, nan 
-7.875, -65.625, 1.2811238590575129e-24, nan 
-7.625, -65.625, 6.311348383622438e-25, nan 
-7.375, -65.625, 7.497643869547028e-25, nan 
-7.125, -65.625, 3.86757969761187e-25, nan 
-6.875, -65.625, 6.448975316185851e-25, nan 
-6.625, -65.625, 2.856604020130392e-25, nan 
-6.375, -65.625, 5.222224177402231e-25, nan 
-6.125, -65.625, 6.128915913540444e-25, nan 
-5.875, -65.625, 5.273939829224019e-25, nan 
-5.625, -65.625, 1.3888812160366752e-24, nan 
-5.375, -65.625, 9.331168939118082e-25, nan 
-5.125, -65.625, 1.0310045046555077e-24, nan 
-4.875, -65.625, 1.5212136105697303e-24, nan 
-4.625, -65.625, 2.183769451624614e-24, nan 
-4.375, -65.625, 1.4042001121313916e-24, nan 
-4.125, -65.625, 1.3081355359950333e-24, nan 
-3.875, -65.625, 1.6537100281680733e-24, nan 
-3.625, -65.625, 1.98742357775816e-24, nan 
-3.375, -65.625, 1.277991190766134e-24, nan 
-3.125, -65.625, 1.7766830681727226e-24, nan 
-2.875, -65.625, 2.6642731878660367e-24, nan 
-2.625, -65.625, 1.6085339458705288e-24, nan 
-2.375, -65.625, 1.4030923168155575e-24, nan 
-8.125, -65.375, 1.169126503757289e-24, nan 
-7.875, -65.375, 8.024464144103938e-25, nan 
-7.625, -65.375, 4.841076047511506e-25, nan 
-7.375, -65.375, 6.24115996236656e-25, nan 
-7.125, -65.375, 7.521067900466925e-25, nan 
-6.875, -65.375, 4.621369534167111e-25, nan 
-6.625, -65.375, 3.9634452934655795e-25, nan 
-6.375, -65.375, 5.398156997691444e-25, nan 
-6.125, -65.375, 3.004510905899699e-25, nan 
-5.875, -65.375, 6.755968566782786e-25, nan 
-5.625, -65.375, 6.808542868644972e-25, nan 
-5.375, -65.375, 3.3172193074418686e-25, nan 
-5.125, -65.375, 1.3841293042177554e-24, nan 
-4.875, -65.375, 2.359346500053749e-24, nan 
-4.625, -65.375, 1.698874873074575e-24, nan 
-4.375, -65.375, 1.6359109484591537e-24, nan 
-4.125, -65.375, 2.9934194047657275e-24, nan 
-3.875, -65.375, 2.1961766692298553e-24, nan 
-3.625, -65.375, 1.8608572232805336e-24, nan 
-3.375, -65.375, 2.48120065214786e-24, nan 
-3.125, -65.375, 1.9244667400780652e-24, nan 
-2.875, -65.375, 2.9229284372655433e-24, nan 
-2.625, -65.375, 8.857539387424162e-25, nan 
-2.375, -65.375, 1.006928294993552e-24, nan 
-2.125, -65.375, 2.3816010752070744e-24, nan 
-8.125, -65.125, 1.5665707041253767e-24, nan 
-7.875, -65.125, 8.164890163865532e-25, nan 
-7.625, -65.125, 1.0985539669888067e-24, nan 
-7.375, -65.125, 1.2786646549518754e-24, nan 
-7.125, -65.125, 8.366605940733664e-25, nan 
-6.875, -65.125, 5.104657631573342e-25, nan 
-6.625, -65.125, 5.600270172523157e-25, nan 
-6.375, -65.125, 5.230758040329153e-25, nan 
-6.125, -65.125, 2.8213013343880594e-25, nan 
-5.875, -65.125, 1.0202545138212813e-24, nan 
-5.625, -65.125, 2.064051992073975e-24, nan 
-5.375, -65.125, 9.37422586231835e-25, nan 
-5.125, -65.125, 7.994618221534308e-25, nan 
-4.875, -65.125, 2.5601179236965876e-24, nan 
-4.625, -65.125, 1.3303962073297e-24, nan 
-4.375, -65.125, 1.80075069090888e-24, nan 
-4.125, -65.125, 3.713731087185544e-24, nan 
-3.875, -65.125, 4.1303343750709865e-24, nan 
-3.625, -65.125, 3.482926746054821e-24, nan 
-3.375, -65.125, 3.971064922148262e-24, nan 
-3.125, -65.125, 3.776140824130811e-24, nan 
-2.875, -65.125, 3.3243061642151465e-24, nan 
-2.625, -65.125, 2.8628015982044435e-24, nan 
-2.375, -65.125, 2.8559937281046655e-24, nan 
-2.125, -65.125, 2.2630505512203814e-24, nan 
-8.125, -64.875, 1.3118167864167468e-24, nan 
-7.875, -64.875, 1.1522085630969241e-24, nan 
-7.625, -64.875, 1.8006356908491806e-24, nan 
-7.375, -64.875, 2.2009049156964396e-24, nan 
-7.125, -64.875, 1.1020462714076697e-24, nan 
-6.875, -64.875, 9.51645952595366e-25, nan 
-6.625, -64.875, 1.380646032269028e-24, nan 
-6.375, -64.875, 1.5538311500429554e-24, nan 
-6.125, -64.875, 2.269562583270945e-24, nan 
-5.875, -64.875, 1.8411775449874643e-24, nan 
-5.625, -64.875, 2.604187271891032e-24, nan 
-5.375, -64.875, 2.1550041517227127e-24, nan 
-5.125, -64.875, 1.6081601084453804e-24, nan 
-4.875, -64.875, 8.551553835530771e-24, nan 
-4.625, -64.875, 1.4488625833068165e-23, nan 
-4.375, -64.875, 1.6771112343395093e-23, nan 
-4.125, -64.875, 1.853114965063206e-23, nan 
-3.875, -64.875, 1.7624418487571963e-23, nan 
-3.625, -64.875, 1.8265408684107062e-23, nan 
-3.375, -64.875, 1.614035823033768e-23, nan 
-3.125, -64.875, 7.168317738757465e-24, nan 
-2.875, -64.875, 3.7150174820332455e-24, nan 
-2.625, -64.875, 4.6130506891748365e-24, nan 
-2.375, -64.875, 4.053966248525871e-24, nan 
-2.125, -64.875, 3.538356382294443e-24, nan 
-1.875, -64.875, 3.8057975757876956e-24, nan 
-8.125, -64.625, 2.457894101168482e-25, nan 
-7.875, -64.625, 8.137567750441657e-25, nan 
-7.625, -64.625, 1.183378479678251e-24, nan 
-7.375, -64.625, 1.3276007179562289e-24, nan 
-7.125, -64.625, 9.480756911965119e-25, nan 
-6.875, -64.625, 1.5615074577484134e-24, nan 
-6.625, -64.625, 2.055243605339123e-24, nan 
-6.375, -64.625, 2.5663065927997156e-24, nan 
-6.125, -64.625, 2.613230206345771e-24, nan 
-5.875, -64.625, 3.365719322739133e-24, nan 
-5.625, -64.625, 6.2755598644759094e-24, nan 
-5.375, -64.625, 1.3577890433764653e-23, nan 
-5.125, -64.625, 1.6175291438039933e-23, nan 
-4.875, -64.625, 1.5989704706822853e-23, nan 
-4.625, -64.625, 2.0300530367769665e-23, nan 
-4.375, -64.625, 2.147965375363549e-23, nan 
-4.125, -64.625, 2.0890351153364442e-23, nan 
-3.875, -64.625, 2.1127613880036428e-23, nan 
-3.625, -64.625, 2.447444701415399e-23, nan 
-3.375, -64.625, 2.1609096455334526e-23, nan 
-3.125, -64.625, 1.2677926316171395e-23, nan 
-2.875, -64.625, 1.6882068051974492e-23, nan 
-2.625, -64.625, 1.364071758746866e-23, nan 
-2.375, -64.625, 4.7564744804717796e-24, nan 
-2.125, -64.625, 3.58895734674054e-24, nan 
-1.875, -64.625, 3.8584539055502016e-24, nan 
-1.625, -64.625, 2.5305031343344907e-24, nan 
-7.875, -64.375, 3.756487844559247e-25, nan 
-7.625, -64.375, 3.0888686397144944e-25, nan 
-7.375, -64.375, 1.3256534517435294e-24, nan 
-7.125, -64.375, 2.0402480651224874e-24, nan 
-6.875, -64.375, 1.3905419442968445e-24, nan 
-6.625, -64.375, 1.7446756116321926e-24, nan 
-6.375, -64.375, 2.95156600504107e-24, nan 
-6.125, -64.375, 3.0152457066745655e-24, nan 
-5.875, -64.375, 1.0479532920698447e-23, nan 
-5.625, -64.375, 1.3746052879101452e-23, nan 
-5.375, -64.375, 1.5886444730113e-23, nan 
-5.125, -64.375, 2.0681396290531387e-23, nan 
-4.875, -64.375, 1.6866563789383946e-23, nan 
-4.625, -64.375, 1.487108393751332e-23, nan 
-4.375, -64.375, 9.538745069377332e-24, nan 
-4.125, -64.375, 5.248757581500329e-24, nan 
-3.875, -64.375, 1.521128576440288e-23, nan 
-3.625, -64.375, 1.7334461788801922e-23, nan 
-3.375, -64.375, 2.006809282795918e-23, nan 
-3.125, -64.375, 1.5372972422238434e-23, nan 
-2.875, -64.375, 1.7069020291508102e-23, nan 
-2.625, -64.375, 1.8235773722632658e-23, nan 
-2.375, -64.375, 8.02155698083969e-24, nan 
-2.125, -64.375, 3.376815730584859e-24, nan 
-1.875, -64.375, 3.6827564892431214e-24, nan 
-1.625, -64.375, 3.749552671495187e-24, nan 
-7.875, -64.125, 5.080320279525248e-25, nan 
-7.625, -64.125, 3.144979062914201e-25, nan 
-7.375, -64.125, 9.298513675516523e-25, nan 
-7.125, -64.125, 2.095527982089814e-24, nan 
-6.875, -64.125, 1.0213262252830654e-24, nan 
-6.625, -64.125, 9.965965994485747e-25, nan 
-6.375, -64.125, 2.6023557407875336e-24, nan 
-6.125, -64.125, 2.723906004893993e-24, nan 
-5.875, -64.125, 1.408795984591227e-24, nan 
-5.625, -64.125, 1.4798817428799663e-23, nan 
-5.375, -64.125, 1.9798242188507063e-23, nan 
-5.125, -64.125, 2.0101289912624065e-23, nan 
-4.875, -64.125, 2.5896398246960596e-23, nan 
-4.625, -64.125, 2.7573974850870086e-23, nan 
-4.375, -64.125, 2.308648442747754e-23, nan 
-4.125, -64.125, 1.9690741945036697e-23, nan 
-3.875, -64.125, 2.0247659154774376e-23, nan 
-3.625, -64.125, 1.7173889065239387e-23, nan 
-3.375, -64.125, 1.947420648596593e-23, nan 
-3.125, -64.125, 1.769033372209462e-23, nan 
-2.875, -64.125, 1.4545088825393812e-23, nan 
-2.625, -64.125, 1.16606799683135e-23, nan 
-2.375, -64.125, 6.716043658428956e-24, nan 
-2.125, -64.125, 3.7221776215520296e-24, nan 
-1.875, -64.125, 2.3551694946747526e-24, nan 
-1.625, -64.125, 1.9226126365236704e-24, nan 
-1.375, -64.125, 7.414023184236764e-25, nan 
-7.875, -63.875, 1.1137965403374649e-24, nan 
-7.625, -63.875, 5.217245042311357e-25, nan 
-7.375, -63.875, 1.2754827167024614e-24, nan 
-7.125, -63.875, 1.5454579717866854e-24, nan 
-6.875, -63.875, 9.858622118675484e-25, nan 
-6.625, -63.875, 1.2358437608774181e-24, nan 
-6.375, -63.875, 2.1656747094022192e-24, nan 
-6.125, -63.875, 1.5738857071693973e-24, nan 
-5.875, -63.875, 9.776249682795146e-25, nan 
-5.625, -63.875, 1.6450417344917196e-24, nan 
-5.375, -63.875, 3.2370464271727188e-24, nan 
-5.125, -63.875, 5.486459839866995e-24, nan 
-4.875, -63.875, 2.2387671037765153e-23, nan 
-4.625, -63.875, 2.144408351584559e-23, nan 
-4.375, -63.875, 1.88667513747154e-23, nan 
-4.125, -63.875, 2.161470210463566e-23, nan 
-3.875, -63.875, 2.1867382104692856e-23, nan 
-3.625, -63.875, 1.734677486992693e-23, nan 
-3.375, -63.875, 1.243055254360333e-23, nan 
-3.125, -63.875, 1.4420785926476703e-23, nan 
-2.875, -63.875, 1.2111462467081303e-23, nan 
-2.625, -63.875, 5.6123520171179834e-24, nan 
-2.375, -63.875, 3.4092418024413564e-24, nan 
-2.125, -63.875, 3.841244102050396e-24, nan 
-1.875, -63.875, 2.8083692327602e-24, nan 
-1.625, -63.875, 1.4192454721750372e-24, nan 
-1.375, -63.875, 1.157878349836944e-24, nan 
-1.125, -63.875, 8.651110114366483e-25, nan 
-7.875, -63.625, 5.895932624177729e-25, nan 
-7.625, -63.625, 6.432749673758311e-25, nan 
-7.375, -63.625, 1.7497150068886255e-24, nan 
-7.125, -63.625, 1.2482731201549091e-24, nan 
-6.875, -63.625, 7.859417410920282e-25, nan 
-6.625, -63.625, 1.199116670217898e-24, nan 
-6.375, -63.625, 2.010897926869163e-24, nan 
-6.125, -63.625, 1.6359799951958184e-24, nan 
-5.875, -63.625, 1.7310992159657357e-24, nan 
-5.625, -63.625, 3.2797783799031973e-24, nan 
-5.375, -63.625, 1.784979281073692e-24, nan 
-5.125, -63.625, 1.0781177259174776e-24, nan 
-4.875, -63.625, 3.3065710435687076e-24, nan 
-4.625, -63.625, 2.2815273343084236e-24, nan 
-4.375, -63.625, 7.198454930775339e-24, nan 
-4.125, -63.625, 1.0739680789320762e-23, nan 
-3.875, -63.625, 1.1322547245515707e-23, nan 
-3.625, -63.625, 1.0662564494760474e-23, nan 
-3.375, -63.625, 4.3036038457052075e-24, nan 
-3.125, -63.625, 4.502897186147603e-24, nan 
-2.875, -63.625, 4.5502623953093116e-24, nan 
-2.625, -63.625, 4.087140550548626e-24, nan 
-2.375, -63.625, 1.8664382838682862e-24, nan 
-2.125, -63.625, 3.687972802677575e-24, nan 
-1.875, -63.625, 2.6282811297319523e-24, nan 
-1.625, -63.625, 2.339068082831902e-24, nan 
-1.375, -63.625, 3.2695405273114575e-24, nan 
-1.125, -63.625, 2.517412333595644e-24, nan 
-7.875, -63.375, 1.1420479416985411e-24, nan 
-7.625, -63.375, 1.1664268625096165e-24, nan 
-7.375, -63.375, 2.3950702177471252e-24, nan 
-7.125, -63.375, 1.794273240042174e-24, nan 
-6.875, -63.375, 8.623669187393511e-25, nan 
-6.625, -63.375, 1.2900033087786087e-24, nan 
-6.375, -63.375, 8.152772650164618e-25, nan 
-6.125, -63.375, 8.871015967843095e-25, nan 
-5.875, -63.375, 1.3535305821306868e-24, nan 
-5.625, -63.375, 2.67324553501669e-24, nan 
-5.375, -63.375, 1.6534443373642495e-24, nan 
-5.125, -63.375, 1.2495890352783125e-24, nan 
-4.875, -63.375, 1.530660866672324e-24, nan 
-4.625, -63.375, 2.648387280236892e-24, nan 
-4.375, -63.375, 3.2077207105367847e-24, nan 
-4.125, -63.375, 3.389338183401908e-24, nan 
-3.875, -63.375, 3.6014746586839596e-24, nan 
-3.625, -63.375, 3.419701231480297e-24, nan 
-3.375, -63.375, 3.8884379469458944e-24, nan 
-3.125, -63.375, 1.7578902598380447e-24, nan 
-2.875, -63.375, 2.8095225261629566e-24, nan 
-2.625, -63.375, 2.1718112579948684e-24, nan 
-2.375, -63.375, 2.163452884509095e-24, nan 
-2.125, -63.375, 3.0579437282386608e-24, nan 
-1.875, -63.375, 2.8416169254867076e-24, nan 
-1.625, -63.375, 3.371569386726089e-24, nan 
-1.375, -63.375, 3.266626330568193e-24, nan 
-1.125, -63.375, 2.7919699020891973e-24, nan 
-0.875, -63.375, 3.4896520058365124e-24, nan 
-7.625, -63.125, 2.178366903554634e-24, nan 
-7.375, -63.125, 1.67561056666573e-24, nan 
-7.125, -63.125, 2.529107369185055e-24, nan 
-6.875, -63.125, 9.293265664594868e-25, nan 
-6.625, -63.125, 1.3703058427788468e-24, nan 
-6.375, -63.125, 1.6321019189782813e-24, nan 
-6.125, -63.125, 9.448171040600581e-25, nan 
-5.875, -63.125, 8.123343730934146e-25, nan 
-5.625, -63.125, 2.983754217830857e-25, nan 
-5.375, -63.125, 1.4619793577841655e-24, nan 
-5.125, -63.125, 1.8074891550451735e-24, nan 
-4.875, -63.125, 1.5049007776581265e-24, nan 
-4.625, -63.125, 2.4035112633288927e-24, nan 
-4.375, -63.125, 3.527766112848003e-24, nan 
-4.125, -63.125, 1.5177991414251777e-24, nan 
-3.875, -63.125, 2.490732138050146e-24, nan 
-3.625, -63.125, 2.2415305381043256e-24, nan 
-3.375, -63.125, 2.270757337967178e-24, nan 
-3.125, -63.125, 1.8096128021424234e-24, nan 
-2.875, -63.125, 2.6387019723056535e-24, nan 
-2.625, -63.125, 2.1430817515318927e-24, nan 
-2.375, -63.125, 1.7750198473711556e-24, nan 
-2.125, -63.125, 1.570559557578832e-24, nan 
-1.875, -63.125, 2.140293073920464e-24, nan 
-1.625, -63.125, 2.819615286408838e-24, nan 
-1.375, -63.125, 1.8708596386066165e-24, nan 
-1.125, -63.125, 8.170681988931827e-25, nan 
-0.875, -63.125, 6.81451776034713e-25, nan 
-7.625, -62.875, 3.9315043832259e-24, nan 
-7.375, -62.875, 3.679664500953327e-24, nan 
-7.125, -62.875, 2.065253803448204e-24, nan 
-6.875, -62.875, 1.2190939774237837e-24, nan 
-6.625, -62.875, 1.8658424883987935e-24, nan 
-6.375, -62.875, 1.8261835634493243e-24, nan 
-6.125, -62.875, 1.890023452570506e-24, nan 
-5.875, -62.875, 1.2858653041634723e-24, nan 
-5.625, -62.875, 7.538767959973572e-25, nan 
-5.375, -62.875, 1.799291849377434e-24, nan 
-5.125, -62.875, 1.3185860854266914e-24, nan 
-4.875, -62.875, 9.820086530665108e-25, nan 
-4.625, -62.875, 2.477932947467177e-24, nan 
-4.375, -62.875, 1.7656473664691044e-24, nan 
-4.125, -62.875, 1.9233796235947398e-24, nan 
-3.875, -62.875, 2.5141591499387835e-24, nan 
-3.625, -62.875, 1.3986187316255672e-24, nan 
-3.375, -62.875, 1.537168299843837e-24, nan 
-3.125, -62.875, 1.57234598518866e-24, nan 
-2.875, -62.875, 1.2038474721108126e-24, nan 
-2.625, -62.875, 1.6189248921062153e-24, nan 
-2.375, -62.875, 1.2022839582429485e-24, nan 
-2.125, -62.875, 2.0702264247331538e-24, nan 
-1.875, -62.875, 1.9284406107199906e-24, nan 
-1.625, -62.875, 2.256485250721846e-24, nan 
-1.375, -62.875, 2.9707552136007005e-24, nan 
-1.125, -62.875, 1.3703342539611384e-24, nan 
-0.875, -62.875, 1.3922355684665708e-24, nan 
-0.625, -62.875, 1.683992151338371e-24, nan 
-7.625, -62.625, 4.916248046945044e-24, nan 
-7.375, -62.625, 4.9202861464976714e-24, nan 
-7.125, -62.625, 3.520645916957442e-24, nan 
-6.875, -62.625, 3.426375478386152e-24, nan 
-6.625, -62.625, 4.2524652405598736e-24, nan 
-6.375, -62.625, 2.6021803973796676e-24, nan 
-6.125, -62.625, 1.5113105893661132e-24, nan 
-5.875, -62.625, 2.106002242302933e-24, nan 
-5.625, -62.625, 1.8342597845527437e-24, nan 
-5.375, -62.625, 6.010946116823176e-25, nan 
-5.125, -62.625, 1.3490382896584481e-24, nan 
-4.875, -62.625, 1.668188160238563e-24, nan 
-4.625, -62.625, 1.9837045502361862e-24, nan 
-4.375, -62.625, 1.0025330350251415e-24, nan 
-4.125, -62.625, 2.230364996106638e-24, nan 
-3.875, -62.625, 2.450703459682271e-24, nan 
-3.625, -62.625, 1.0593884609394185e-24, nan 
-3.375, -62.625, 1.2964737645008346e-24, nan 
-3.125, -62.625, 1.0971532343008599e-24, nan 
-2.875, -62.625, 1.8205144211683948e-24, nan 
-2.625, -62.625, 1.618845641735959e-24, nan 
-2.375, -62.625, 2.1294324808212394e-24, nan 
-2.125, -62.625, 2.6831466465945485e-24, nan 
-1.875, -62.625, 1.8427624151670802e-24, nan 
-1.625, -62.625, 1.694982088746988e-24, nan 
-1.375, -62.625, 2.992753676284528e-24, nan 
-1.125, -62.625, 2.186563253643684e-24, nan 
-0.875, -62.625, 2.0169956993462595e-24, nan 
-0.625, -62.625, 2.136408529384532e-24, nan 
-7.625, -62.375, 8.834547416850347e-24, nan 
-7.375, -62.375, 6.1486393458739206e-24, nan 
-7.125, -62.375, 6.184217520993226e-24, nan 
-6.875, -62.375, 5.936187223954913e-24, nan 
-6.625, -62.375, 5.6756279399403426e-24, nan 
-6.375, -62.375, 4.547352270609544e-24, nan 
-6.125, -62.375, 2.7874712126802434e-24, nan 
-5.875, -62.375, 8.167176322872954e-25, nan 
-5.625, -62.375, 1.3152465178114544e-24, nan 
-5.375, -62.375, 1.0394433712192386e-24, nan 
-5.125, -62.375, 1.7133487347027913e-24, nan 
-4.875, -62.375, 2.0617223373603812e-24, nan 
-4.625, -62.375, 1.227001708809834e-24, nan 
-4.375, -62.375, 2.0590905588121967e-24, nan 
-4.125, -62.375, 2.3855104968995855e-24, nan 
-3.875, -62.375, 2.1060762686753814e-24, nan 
-3.625, -62.375, 1.6931155329913034e-24, nan 
-3.375, -62.375, 7.905384009270412e-25, nan 
-3.125, -62.375, 2.664605490941465e-24, nan 
-2.875, -62.375, 2.6474380895810512e-24, nan 
-2.625, -62.375, 1.3895987466443324e-24, nan 
-2.375, -62.375, 3.4731388652693344e-24, nan 
-2.125, -62.375, 2.652513178069155e-24, nan 
-1.875, -62.375, 1.1551397113673627e-24, nan 
-1.625, -62.375, 2.630948506639394e-24, nan 
-1.375, -62.375, 2.5761123518540156e-24, nan 
-1.125, -62.375, 2.548379022119889e-24, nan 
-0.875, -62.375, 1.8171728514387034e-24, nan 
-0.625, -62.375, 2.2847495379460694e-24, nan 
-7.375, -62.125, 8.174815754232686e-24, nan 
-7.125, -62.125, 1.049909146427096e-23, nan 
-6.875, -62.125, 9.015519833753444e-24, nan 
-6.625, -62.125, 6.3222731770107805e-24, nan 
-6.375, -62.125, 5.6565266268282326e-24, nan 
-6.125, -62.125, 4.8072742649849485e-24, nan 
-5.875, -62.125, 4.484528770684475e-24, nan 
-5.625, -62.125, 4.080131516918009e-24, nan 
-5.375, -62.125, 1.55324561915823e-24, nan 
-5.125, -62.125, 1.658629236770985e-24, nan 
-4.875, -62.125, 2.478839113121365e-24, nan 
-4.625, -62.125, 1.524027009459674e-24, nan 
-4.375, -62.125, 1.5563891485254436e-24, nan 
-4.125, -62.125, 2.827128914905547e-24, nan 
-3.875, -62.125, 3.317049917789639e-24, nan 
-3.625, -62.125, 3.860088261980864e-24, nan 
-3.375, -62.125, 1.9447763332368953e-24, nan 
-3.125, -62.125, 2.3151569279579942e-24, nan 
-2.875, -62.125, 2.739404041265114e-24, nan 
-2.625, -62.125, 2.564838529232829e-24, nan 
-2.375, -62.125, 1.5528522147998658e-24, nan 
-2.125, -62.125, 2.4484905123527306e-24, nan 
-1.875, -62.125, 1.0513862420543972e-24, nan 
-1.625, -62.125, 1.504746880285759e-24, nan 
-1.375, -62.125, 2.0837064489425143e-24, nan 
-1.125, -62.125, 1.0304880597707256e-24, nan 
-0.875, -62.125, 7.462255814084783e-24, nan 
-0.625, -62.125, 1.0571554170322585e-23, nan 
-0.375, -62.125, 5.951058813080854e-24, nan 
-7.375, -61.875, 1.0131625188526114e-23, nan 
-7.125, -61.875, 1.0907895609741831e-23, nan 
-6.875, -61.875, 8.290526634394417e-24, nan 
-6.625, -61.875, 7.56082462388034e-24, nan 
-6.375, -61.875, 7.772636532970191e-24, nan 
-6.125, -61.875, 5.611755874745061e-24, nan 
-5.875, -61.875, 4.240244714538767e-24, nan 
-5.625, -61.875, 4.292277798152065e-24, nan 
-5.375, -61.875, 2.9171192740028105e-24, nan 
-5.125, -61.875, 2.694419148781436e-24, nan 
-4.875, -61.875, 2.6892159242516416e-24, nan 
-4.625, -61.875, 3.5726199131474026e-24, nan 
-4.375, -61.875, 3.1373154441748997e-24, nan 
-4.125, -61.875, 2.1039648883549047e-24, nan 
-3.875, -61.875, 4.708427839166522e-24, nan 
-3.625, -61.875, 6.56828194635017e-24, nan 
-3.375, -61.875, 2.364012051146234e-24, nan 
-3.125, -61.875, 2.9237505860739714e-24, nan 
-2.875, -61.875, 3.529905677779914e-24, nan 
-2.625, -61.875, 4.7542960982570975e-24, nan 
-2.375, -61.875, 2.1342339377427495e-24, nan 
-2.125, -61.875, 2.576274982735041e-24, nan 
-1.875, -61.875, 3.0851081291621555e-24, nan 
-1.625, -61.875, 2.493176516354874e-24, nan 
-1.375, -61.875, 2.5070096304949495e-24, nan 
-1.125, -61.875, 8.868102888937401e-25, nan 
-0.875, -61.875, 1.0569242033504132e-24, nan 
-0.625, -61.875, 3.786123826462389e-24, nan 
-0.375, -61.875, 1.1147666510968148e-24, nan 
-7.375, -61.625, 7.588762026128148e-24, nan 
-7.125, -61.625, 1.0118368004267365e-23, nan 
-6.875, -61.625, 1.2537592164427294e-23, nan 
-6.625, -61.625, 5.044921753300066e-24, nan 
-6.375, -61.625, 1.1228211482109817e-23, nan 
-6.125, -61.625, 1.4878735866574114e-23, nan 
-5.875, -61.625, 1.2859864562317893e-23, nan 
-5.625, -61.625, 1.0881418079356863e-23, nan 
-5.375, -61.625, 9.270386654977897e-24, nan 
-5.125, -61.625, 2.6806577078409254e-24, nan 
-4.875, -61.625, 2.9295658077566743e-24, nan 
-4.625, -61.625, 4.8655337119688855e-24, nan 
-4.375, -61.625, 2.4648632589485602e-24, nan 
-4.125, -61.625, 2.6496452808601515e-24, nan 
-3.875, -61.625, 5.390259372197636e-24, nan 
-3.625, -61.625, 4.780035157643358e-24, nan 
-3.375, -61.625, 2.441317500024309e-24, nan 
-3.125, -61.625, 3.3290968223265335e-24, nan 
-2.875, -61.625, 3.396239792417218e-24, nan 
-2.625, -61.625, 3.7382431270318666e-24, nan 
-2.375, -61.625, 2.7948113201190846e-24, nan 
-2.125, -61.625, 1.7835923880402817e-24, nan 
-1.875, -61.625, 1.824593061786898e-24, nan 
-1.625, -61.625, 3.2765000673052363e-24, nan 
-1.375, -61.625, 3.1114531557350965e-24, nan 
-1.125, -61.625, 1.3522228355798519e-24, nan 
-0.875, -61.625, 2.2992187848087975e-24, nan 
-0.625, -61.625, 2.1220273295041383e-24, nan 
-0.375, -61.625, 1.9547071721319883e-24, nan 
-7.375, -61.375, 6.397289688946376e-24, nan 
-7.125, -61.375, 9.692041612591628e-24, nan 
-6.875, -61.375, 1.2503997526857441e-23, nan 
-6.625, -61.375, 6.349529892735541e-24, nan 
-6.375, -61.375, 1.237333787596811e-23, nan 
-6.125, -61.375, 1.7327594317563338e-23, nan 
-5.875, -61.375, 1.881330487394751e-23, nan 
-5.625, -61.375, 1.5884220024227831e-23, nan 
-5.375, -61.375, 1.2978751225938808e-23, nan 
-5.125, -61.375, 1.1918474832524087e-23, nan 
-4.875, -61.375, 1.1832488083839478e-23, nan 
-4.625, -61.375, 8.147383719711861e-24, nan 
-4.375, -61.375, 5.238429827984673e-24, nan 
-4.125, -61.375, 3.405745087188978e-24, nan 
-3.875, -61.375, 7.619850114291814e-24, nan 
-3.625, -61.375, 4.489084900107226e-24, nan 
-3.375, -61.375, 2.8681706085298635e-24, nan 
-3.125, -61.375, 2.314124578786167e-24, nan 
-2.875, -61.375, 3.824898404855621e-24, nan 
-2.625, -61.375, 2.4471430868002048e-24, nan 
-2.375, -61.375, 2.447172793356332e-24, nan 
-2.125, -61.375, 2.3759257854134037e-24, nan 
-1.875, -61.375, 2.254053469099435e-24, nan 
-1.625, -61.375, 3.726386532680971e-24, nan 
-1.375, -61.375, 3.273465194208662e-24, nan 
-1.125, -61.375, 1.9673533600333833e-24, nan 
-0.875, -61.375, 3.0919596810301567e-24, nan 
-0.625, -61.375, 3.1949328704418515e-24, nan 
-0.375, -61.375, 2.4688804010659513e-24, nan 
-0.125, -61.375, 2.7193692365785865e-24, nan 
-7.125, -61.125, 4.607386984128845e-24, nan 
-6.875, -61.125, 6.617416314229026e-24, nan 
-6.625, -61.125, 7.086004172470009e-24, nan 
-6.375, -61.125, 7.459703882915341e-24, nan 
-6.125, -61.125, 9.569688644989308e-24, nan 
-5.875, -61.125, 1.4954212953360322e-23, nan 
-5.625, -61.125, 2.985013365577738e-23, nan 
-5.375, -61.125, 2.4105881288241107e-23, nan 
-5.125, -61.125, 2.096716450911002e-23, nan 
-4.875, -61.125, 1.7316213909584126e-23, nan 
-4.625, -61.125, 5.123431030279034e-24, nan 
-4.375, -61.125, 1.9614092713252266e-23, nan 
-4.125, -61.125, 2.42060644073901e-23, nan 
-3.875, -61.125, 8.325579946682357e-24, nan 
-3.625, -61.125, 2.9619997568988364e-24, nan 
-3.375, -61.125, 6.2118956652705245e-24, nan 
-3.125, -61.125, 6.1306249746259645e-24, nan 
-2.875, -61.125, 2.6581696782034686e-24, nan 
-2.625, -61.125, 2.6894745057810492e-24, nan 
-2.375, -61.125, 2.6500431816789503e-24, nan 
-2.125, -61.125, 2.834963412856521e-24, nan 
-1.875, -61.125, 2.787127499176377e-24, nan 
-1.625, -61.125, 4.263437498741931e-24, nan 
-1.375, -61.125, 4.670156261064079e-24, nan 
-1.125, -61.125, 1.4110683793115283e-24, nan 
-0.875, -61.125, 2.1018644800961785e-24, nan 
-0.625, -61.125, 2.5142323039466417e-24, nan 
-0.375, -61.125, 2.6017798926309337e-24, nan 
-0.125, -61.125, 3.50035769129127e-24, nan 
-7.125, -60.875, 5.5744111704757494e-24, nan 
-6.875, -60.875, 8.177343452539211e-24, nan 
-6.625, -60.875, 1.0472096055235488e-23, nan 
-6.375, -60.875, 1.8861304800463128e-23, nan 
-6.125, -60.875, 2.3819466041697546e-23, nan 
-5.875, -60.875, 2.8903136608285314e-23, nan 
-5.625, -60.875, 4.1849360866929613e-23, nan 
-5.375, -60.875, 4.09558030638348e-23, nan 
-5.125, -60.875, 3.5782406140747787e-23, nan 
-4.875, -60.875, 2.3670278804665872e-23, nan 
-4.625, -60.875, 1.5148682457993147e-23, nan 
-4.375, -60.875, 4.1174795510369894e-23, nan 
-4.125, -60.875, 4.4766681002035273e-23, nan 
-3.875, -60.875, 1.0541181024643922e-23, nan 
-3.625, -60.875, 1.7878663815293508e-23, nan 
-3.375, -60.875, 1.4147822388355455e-23, nan 
-3.125, -60.875, 8.629040526039255e-24, nan 
-2.875, -60.875, 4.1941047656744314e-24, nan 
-2.625, -60.875, 6.789188753865027e-24, nan 
-2.375, -60.875, 1.0286146183609252e-23, nan 
-2.125, -60.875, 5.391725160563431e-24, nan 
-1.875, -60.875, 3.610742767798071e-24, nan 
-1.625, -60.875, 5.218976309110454e-24, nan 
-1.375, -60.875, 4.993628663287848e-24, nan 
-1.125, -60.875, 4.949927981977919e-24, nan 
-0.875, -60.875, 5.923475845923891e-24, nan 
-0.625, -60.875, 1.3371616004034116e-24, nan 
-0.375, -60.875, 7.189148691065934e-24, nan 
-0.125, -60.875, 1.0418974312395384e-23, nan 
-7.125, -60.625, 7.950770685720898e-24, nan 
-6.875, -60.625, 1.3012174995609373e-23, nan 
-6.625, -60.625, 1.384299852111364e-23, nan 
-6.375, -60.625, 2.891167940088529e-23, nan 
-6.125, -60.625, 3.8252806504945105e-23, nan 
-5.875, -60.625, 3.7169212137418367e-23, nan 
-5.625, -60.625, 6.088089256411999e-23, nan 
-5.375, -60.625, 6.631168627499949e-23, nan 
-5.125, -60.625, 6.142171571613042e-23, nan 
-4.875, -60.625, 4.1323354954079545e-23, nan 
-4.625, -60.625, 3.029700738913991e-23, nan 
-4.375, -60.625, 5.371906287259908e-23, nan 
-4.125, -60.625, 4.7764369713801945e-23, nan 
-3.875, -60.625, 1.519341490789767e-23, nan 
-3.625, -60.625, 9.140347800852543e-24, nan 
-3.375, -60.625, 1.0146101306119125e-23, nan 
-3.125, -60.625, 1.3931633719979747e-23, nan 
-2.875, -60.625, 8.990631962202243e-24, nan 
-2.625, -60.625, 1.8043594319883323e-23, nan 
-2.375, -60.625, 3.0881783406926293e-23, nan 
-2.125, -60.625, 1.591566798108303e-23, nan 
-1.875, -60.625, 1.6238296731148237e-23, nan 
-1.625, -60.625, 2.433866063736779e-23, nan 
-1.375, -60.625, 3.96686282952953e-23, nan 
-1.125, -60.625, 2.43168163244058e-23, nan 
-0.875, -60.625, 1.0154269270434764e-23, nan 
-0.625, -60.625, 8.947638477410668e-24, nan 
-0.375, -60.625, 1.598896332046434e-23, nan 
-0.125, -60.625, 1.983180631261615e-23, nan 
-6.875, -60.375, 1.3373957146753513e-23, nan 
-6.625, -60.375, 1.4729387937325128e-23, nan 
-6.375, -60.375, 1.6884605407325543e-23, nan 
-6.125, -60.375, 1.9923727922862472e-23, nan 
-5.875, -60.375, 2.5129270607183248e-23, nan 
-5.625, -60.375, 1.0885956473418547e-22, nan 
-5.375, -60.375, 1.02236857856791e-22, nan 
-5.125, -60.375, 1.1084756369713028e-22, nan 
-4.875, -60.375, 9.68467259839438e-23, nan 
-4.625, -60.375, 1.716213072417485e-23, nan 
-4.375, -60.375, 2.5410079139795798e-23, nan 
-4.125, -60.375, 3.555921338170457e-23, nan 
-3.875, -60.375, 3.676657443885521e-23, nan 
-3.625, -60.375, 3.181753042396933e-23, nan 
-3.375, -60.375, 5.375546012916804e-23, nan 
-3.125, -60.375, 7.860249368552183e-23, nan 
-2.875, -60.375, 6.999608078440025e-23, nan 
-2.625, -60.375, 5.2054800643345844e-23, nan 
-2.375, -60.375, 1.2742948604910433e-22, nan 
-2.125, -60.375, 2.054795254670109e-22, nan 
-1.875, -60.375, 6.936525897860218e-23, nan 
-1.625, -60.375, 1.4220003845135995e-22, nan 
-1.375, -60.375, 6.054043782210335e-22, nan 
-1.125, -60.375, 2.1830082418550003e-22, nan 
-0.875, -60.375, 8.608203156756071e-23, nan 
-0.625, -60.375, 3.3700741779082364e-22, nan 
-0.375, -60.375, 3.4252375912360513e-22, nan 
-0.125, -60.375, 2.3652731172708196e-22, nan 
0.125, -60.375, 7.037041551346065e-22, nan 
-6.875, -60.125, 4.9685860246997713e-23, nan 
-6.625, -60.125, 3.1603474516479795e-23, nan 
-6.375, -60.125, 3.733633374203732e-23, nan 
-6.125, -60.125, 1.1605089029307643e-22, nan 
-5.875, -60.125, 3.9311140185743674e-23, nan 
-5.625, -60.125, 1.4693180018135529e-22, nan 
-5.375, -60.125, 2.0392191202261243e-22, nan 
-5.125, -60.125, 3.0716014899422945e-22, nan 
-4.875, -60.125, 3.129540759240539e-22, nan 
-4.625, -60.125, 3.7456130635424447e-22, nan 
-4.375, -60.125, 5.447926126997964e-22, nan 
-4.125, -60.125, 5.703667175776266e-22, nan 
-3.875, -60.125, 6.730315724738118e-22, nan 
-3.625, -60.125, 7.513781323260114e-22, nan 
-3.375, -60.125, 1.7770169346706922e-21, nan 
-3.125, -60.125, 5.731005395443005e-21, nan 
-2.875, -60.125, 1.421673757394895e-20, nan 
-2.625, -60.125, 1.4035709123399163e-20, nan 
-2.375, -60.125, 2.8041760374705874e-20, nan 
-2.125, -60.125, 6.101239481935545e-20, nan 
-1.875, -60.125, 3.107239884785491e-19, nan 
-1.625, -60.125, 1.869626888445705e-19, nan 
-1.375, -60.125, 7.705293131295145e-20, nan 
-1.125, -60.125, 2.1806181188771558e-20, nan 
-0.875, -60.125, 6.776945702787084e-21, nan 
-0.625, -60.125, 6.893308411563463e-21, nan 
-0.375, -60.125, 5.151713430379467e-21, nan 
-0.125, -60.125, 2.73392025208733e-21, nan 
0.125, -60.125, 3.845995744421228e-21, nan 
-6.625, -59.875, 8.399170702027663e-22, nan 
-6.375, -59.875, 7.196791731485767e-21, nan 
-6.125, -59.875, 1.479747298702375e-20, nan 
-5.875, -59.875, 1.3923903140418748e-20, nan 
-5.625, -59.875, 4.2662327052621547e-20, nan 
-5.375, -59.875, 2.1659199162002589e-19, nan 
-5.125, -59.875, 9.549180999503813e-20, nan 
-4.875, -59.875, 4.329171089158047e-20, nan 
-4.625, -59.875, 1.204020452868775e-20, nan 
-4.375, -59.875, 7.919448668490286e-21, nan 
-4.125, -59.875, 3.307923073357029e-21, nan 
-3.875, -59.875, 2.4337949930592747e-21, nan 
-3.625, -59.875, 2.1520004763360432e-21, nan 
-3.375, -59.875, 2.0575666737529097e-21, nan 
-3.125, -59.875, 2.438739100898065e-21, nan 
-2.875, -59.875, 1.4345398810259704e-21, nan 
-2.625, -59.875, 5.891130442701508e-22, nan 
-2.375, -59.875, 5.381182269614221e-22, nan 
-2.125, -59.875, 4.135181211664904e-22, nan 
-1.875, -59.875, 2.1124173950572822e-22, nan 
-1.625, -59.875, 1.988363499900738e-22, nan 
-1.375, -59.875, 8.907223916962453e-23, nan 
-1.125, -59.875, 1.2087797201255995e-22, nan 
-0.875, -59.875, 1.455772633220884e-22, nan 
-0.625, -59.875, 1.4136472695384659e-22, nan 
-0.375, -59.875, 1.5490661720265985e-22, nan 
-0.125, -59.875, 2.149483337459243e-22, nan 
0.125, -59.875, 2.0771690750082535e-22, nan 
-6.625, -59.625, 1.4711067734924545e-21, nan 
-6.375, -59.625, 5.926664335078524e-22, nan 
-6.125, -59.625, 6.519700813782517e-22, nan 
-5.875, -59.625, 3.3323974227279974e-22, nan 
-5.625, -59.625, 3.736644247487669e-22, nan 
-5.375, -59.625, 3.2826421886214728e-22, nan 
-5.125, -59.625, 1.2646286143842653e-22, nan 
-4.875, -59.625, 3.054838405139033e-23, nan 
-4.625, -59.625, 1.4354465851290397e-22, nan 
-4.375, -59.625, 1.4323411124746802e-22, nan 
-4.125, -59.625, 8.286667707451033e-23, nan 
-3.875, -59.625, 6.160526463117688e-23, nan 
-3.625, -59.625, 7.352873629655102e-23, nan 
-3.375, -59.625, 7.853946598332683e-23, nan 
-3.125, -59.625, 1.5179231144507737e-22, nan 
-2.875, -59.625, 2.2876313879650585e-22, nan 
-2.625, -59.625, 1.9813790840712547e-22, nan 
-2.375, -59.625, 1.2670030496710368e-22, nan 
-2.125, -59.625, 8.148620666182057e-23, nan 
-1.875, -59.625, 9.330688073668476e-23, nan 
-1.625, -59.625, 7.055843729565877e-23, nan 
-1.375, -59.625, 7.258212090033376e-23, nan 
-1.125, -59.625, 5.40092704117553e-23, nan 
-0.875, -59.625, 4.1028489260262843e-23, nan 
-0.625, -59.625, 4.586041387787021e-23, nan 
-0.375, -59.625, 4.0311671493395844e-23, nan 
-0.125, -59.625, 2.5517682503378902e-23, nan 
0.125, -59.625, 3.8148885743778294e-23, nan 
-6.625, -59.375, 8.06819735049609e-23, nan 
-6.375, -59.375, 6.883290081586991e-23, nan 
-6.125, -59.375, 3.921324042407806e-23, nan 
-5.875, -59.375, 3.721030461322864e-23, nan 
-5.625, -59.375, 2.6701417463720185e-23, nan 
-5.375, -59.375, 5.763114718632806e-24, nan 
-5.125, -59.375, 2.5252840232165895e-23, nan 
-4.875, -59.375, 3.7607836395417836e-23, nan 
-4.625, -59.375, 3.250978744336393e-23, nan 
-4.375, -59.375, 1.6853728154133075e-23, nan 
-4.125, -59.375, 5.267982297475796e-24, nan 
-3.875, -59.375, 5.3313130565663554e-24, nan 
-3.625, -59.375, 1.000668552790381e-23, nan 
-3.375, -59.375, 1.1973638508332614e-23, nan 
-3.125, -59.375, 8.657269363061418e-24, nan 
-2.875, -59.375, 2.5280934695635438e-23, nan 
-2.625, -59.375, 4.77121489237933e-23, nan 
-2.375, -59.375, 7.821934875424216e-23, nan 
-2.125, -59.375, 8.050404904412452e-23, nan 
-1.875, -59.375, 5.405126381727776e-23, nan 
-1.625, -59.375, 2.388812873891941e-23, nan 
-1.375, -59.375, 3.0966031158717137e-23, nan 
-1.125, -59.375, 2.9287348335951215e-23, nan 
-0.875, -59.375, 2.9773682700837693e-23, nan 
-0.625, -59.375, 2.3991291922395768e-23, nan 
-0.375, -59.375, 2.7432454696193294e-23, nan 
-0.125, -59.375, 2.40776051298689e-23, nan 
0.125, -59.375, 1.4072632563659744e-23, nan 
-6.375, -59.125, 1.6490412311571376e-23, nan 
-6.125, -59.125, 1.9230387453688116e-23, nan 
-5.875, -59.125, 2.0132500877571618e-23, nan 
-5.625, -59.125, 1.9701232650949944e-23, nan 
-5.375, -59.125, 1.7529813504598033e-23, nan 
-5.125, -59.125, 3.553929676442953e-23, nan 
-4.875, -59.125, 3.6251499242697713e-23, nan 
-4.625, -59.125, 6.116115839408636e-24, nan 
-4.375, -59.125, 4.326431790995987e-24, nan 
-4.125, -59.125, 5.24876412428947e-24, nan 
-3.875, -59.125, 3.528671082209952e-24, nan 
-3.625, -59.125, 2.905446610071949e-24, nan 
-3.375, -59.125, 2.359439055089719e-24, nan 
-3.125, -59.125, 2.96768300493854e-24, nan 
-2.875, -59.125, 9.328982465611566e-24, nan 
-2.625, -59.125, 1.1191166225398745e-23, nan 
-2.375, -59.125, 2.1366081728146152e-23, nan 
-2.125, -59.125, 4.584043819031308e-23, nan 
-1.875, -59.125, 3.983735659001582e-23, nan 
-1.625, -59.125, 1.6839819523684044e-23, nan 
-1.375, -59.125, 1.0761590587442065e-23, nan 
-1.125, -59.125, 1.2293177894811394e-23, nan 
-0.875, -59.125, 1.7455986501076408e-23, nan 
-0.625, -59.125, 1.3619627988654483e-23, nan 
-0.375, -59.125, 2.114066845390549e-23, nan 
-0.125, -59.125, 2.910398015618236e-23, nan 
0.125, -59.125, 2.4580804576300062e-23, nan 
-6.375, -58.875, 7.880031252887652e-24, nan 
-6.125, -58.875, 1.0540923598839506e-23, nan 
-5.875, -58.875, 1.6118953550091654e-23, nan 
-5.625, -58.875, 3.306770828826446e-23, nan 
-5.375, -58.875, 3.03590238904361e-23, nan 
-5.125, -58.875, 1.9619159500160812e-23, nan 
-4.875, -58.875, 2.86321965888691e-23, nan 
-4.625, -58.875, 2.407394191790715e-23, nan 
-4.375, -58.875, 3.889587542181486e-24, nan 
-4.125, -58.875, 3.5427428826994206e-24, nan 
-3.875, -58.875, 4.020526270421677e-24, nan 
-3.625, -58.875, 1.8691232056632606e-24, nan 
-3.375, -58.875, 1.8426283712812657e-24, nan 
-3.125, -58.875, 2.6694530912917725e-24, nan 
-2.875, -58.875, 3.970468905856304e-24, nan 
-2.625, -58.875, 1.343834230857104e-23, nan 
-2.375, -58.875, 3.383221447905637e-23, nan 
-2.125, -58.875, 3.575446520643023e-23, nan 
-1.875, -58.875, 1.9032568713781194e-23, nan 
-1.625, -58.875, 1.1822607940527875e-23, nan 
-1.375, -58.875, 8.304612812144428e-24, nan 
-1.125, -58.875, 6.916442861283728e-24, nan 
-0.875, -58.875, 6.182005963634718e-24, nan 
-0.625, -58.875, 9.441805653986557e-24, nan 
-0.375, -58.875, 1.0841050989421772e-23, nan 
-0.125, -58.875, 8.623410201655465e-24, nan 
0.125, -58.875, 2.276927627990948e-23, nan 
-6.125, -58.625, 1.9163183211657763e-23, nan 
-5.875, -58.625, 1.9722147325488494e-23, nan 
-5.625, -58.625, 1.7278591881028437e-23, nan 
-5.375, -58.625, 1.3552967607399082e-23, nan 
-5.125, -58.625, 6.16142723935323e-24, nan 
-4.875, -58.625, 1.766665552039347e-23, nan 
-4.625, -58.625, 2.4780875162277868e-23, nan 
-4.375, -58.625, 2.8765126153404185e-23, nan 
-4.125, -58.625, 2.182742522658294e-23, nan 
-3.875, -58.625, 1.561604284677128e-23, nan 
-3.625, -58.625, 1.4570975464932062e-23, nan 
-3.375, -58.625, 2.2491901905966356e-24, nan 
-3.125, -58.625, 5.268238682100739e-24, nan 
-2.875, -58.625, 7.276923397964126e-24, nan 
-2.625, -58.625, 2.159415833783287e-23, nan 
-2.375, -58.625, 2.484350447366154e-23, nan 
-2.125, -58.625, 2.3630972263859634e-23, nan 
-1.875, -58.625, 1.9719841024565663e-23, nan 
-1.625, -58.625, 1.1342754640752897e-23, nan 
-1.375, -58.625, 3.049474851725828e-24, nan 
-1.125, -58.625, 2.926824987767681e-24, nan 
-0.875, -58.625, 4.43071687574136e-24, nan 
-0.625, -58.625, 7.276826205646063e-24, nan 
-0.375, -58.625, 1.2714403904457457e-23, nan 
-0.125, -58.625, 1.487511299724875e-23, nan 
0.125, -58.625, 1.1481274220924149e-23, nan 
-6.125, -58.375, 5.4668317447717835e-24, nan 
-5.875, -58.375, 6.978226551923682e-24, nan 
-5.625, -58.375, 5.230677419466607e-24, nan 
-5.375, -58.375, 3.750665328414824e-24, nan 
-5.125, -58.375, 3.4651725764594184e-24, nan 
-4.875, -58.375, 1.2178730122984843e-23, nan 
-4.625, -58.375, 1.7764866293589852e-23, nan 
-4.375, -58.375, 2.4759095608731754e-23, nan 
-4.125, -58.375, 2.1958418819521522e-23, nan 
-3.875, -58.375, 1.8423166009970972e-23, nan 
-3.625, -58.375, 2.6434249973197346e-23, nan 
-3.375, -58.375, 3.109961688192878e-23, nan 
-3.125, -58.375, 3.4485583336746365e-23, nan 
-2.875, -58.375, 3.4251338808664927e-23, nan 
-2.625, -58.375, 2.5994611900281812e-23, nan 
-2.375, -58.375, 1.3648627782394162e-23, nan 
-2.125, -58.375, 1.091594335592533e-23, nan 
-1.875, -58.375, 6.995453045185964e-24, nan 
-1.625, -58.375, 5.785196067148466e-24, nan 
-1.375, -58.375, 6.395637787220723e-24, nan 
-1.125, -58.375, 5.750514429388297e-24, nan 
-0.875, -58.375, 2.29690518453974e-24, nan 
-0.625, -58.375, 5.382565416282693e-24, nan 
-0.375, -58.375, 9.17576566251829e-24, nan 
-0.125, -58.375, 1.1181996693144296e-23, nan 
0.125, -58.375, 1.411193023469656e-23, nan 
-6.125, -58.125, 8.47505302970222e-24, nan 
-5.875, -58.125, 4.294446793796159e-24, nan 
-5.625, -58.125, 8.10318040061548e-24, nan 
-5.375, -58.125, 1.3802722865736888e-23, nan 
-5.125, -58.125, 8.821763123018214e-24, nan 
-4.875, -58.125, 1.0367197606540518e-23, nan 
-4.625, -58.125, 1.050974588072399e-23, nan 
-4.375, -58.125, 7.72828656470227e-24, nan 
-4.125, -58.125, 6.86868048833404e-24, nan 
-3.875, -58.125, 8.789614490609049e-24, nan 
-3.625, -58.125, 9.651639121574861e-24, nan 
-3.375, -58.125, 2.127501589745252e-23, nan 
-3.125, -58.125, 2.5848147280384682e-23, nan 
-2.875, -58.125, 1.8727680216998485e-23, nan 
-2.625, -58.125, 1.4108765884796904e-23, nan 
-2.375, -58.125, 1.027850273163929e-23, nan 
-2.125, -58.125, 6.228432260207889e-24, nan 
-1.875, -58.125, 5.201550558362058e-24, nan 
-1.625, -58.125, 4.107477252287236e-24, nan 
-1.375, -58.125, 1.3977647769898877e-23, nan 
-1.125, -58.125, 1.856848414722851e-24, nan 
-0.875, -58.125, 3.677965060858261e-24, nan 
-0.625, -58.125, 5.820923318878772e-24, nan 
-0.375, -58.125, 6.7997420217547e-24, nan 
-0.125, -58.125, 1.2377062705072303e-23, nan 
0.125, -58.125, 1.1796295246069636e-23, nan 
0.375, -58.125, 2.2968120105078506e-23, nan 
-5.875, -57.875, 6.524930640106628e-24, nan 
-5.625, -57.875, 6.0019458076918104e-24, nan 
-5.375, -57.875, 1.0999701614162553e-23, nan 
-5.125, -57.875, 6.344396689736418e-24, nan 
-4.875, -57.875, 5.172021979507744e-24, nan 
-4.625, -57.875, 5.676783222643473e-24, nan 
-4.375, -57.875, 6.2216055247197975e-24, nan 
-4.125, -57.875, 6.465764703926834e-24, nan 
-3.875, -57.875, 7.924936511259517e-24, nan 
-3.625, -57.875, 1.0743574733053088e-23, nan 
-3.375, -57.875, 1.3980152691483468e-23, nan 
-3.125, -57.875, 1.524016586918105e-23, nan 
-2.875, -57.875, 1.4109918199736067e-23, nan 
-2.625, -57.875, 1.5584994538870816e-23, nan 
-2.375, -57.875, 1.7026089058120172e-23, nan 
-2.125, -57.875, 9.952114038458904e-24, nan 
-1.875, -57.875, 6.761092772112617e-24, nan 
-1.625, -57.875, 2.241105461340253e-23, nan 
-1.375, -57.875, 3.5780482676864705e-23, nan 
-1.125, -57.875, 2.797010650683229e-23, nan 
-0.875, -57.875, 2.1778737699201283e-23, nan 
-0.625, -57.875, 1.933197550527447e-23, nan 
-0.375, -57.875, 1.7344822676767954e-23, nan 
-0.125, -57.875, 1.1631168098225789e-23, nan 
0.125, -57.875, 1.398138969245974e-23, nan 
0.375, -57.875, 1.929454708766073e-23, nan 
-5.875, -57.625, 8.479710549578083e-24, nan 
-5.625, -57.625, 5.1384327384172014e-24, nan 
-5.375, -57.625, 4.982479689539047e-24, nan 
-5.125, -57.625, 3.9285841350917315e-24, nan 
-4.875, -57.625, 2.807326166413863e-24, nan 
-4.625, -57.625, 1.4741638970168928e-24, nan 
-4.375, -57.625, 2.6012143888926494e-24, nan 
-4.125, -57.625, 4.023015654117039e-24, nan 
-3.875, -57.625, 5.0503326217572385e-24, nan 
-3.625, -57.625, 8.355308522393958e-24, nan 
-3.375, -57.625, 1.7062542200516825e-23, nan 
-3.125, -57.625, 1.771951636038768e-23, nan 
-2.875, -57.625, 1.0732771904598079e-23, nan 
-2.625, -57.625, 9.923316273016732e-24, nan 
-2.375, -57.625, 2.4253698750497982e-23, nan 
-2.125, -57.625, 2.2855014155133647e-23, nan 
-1.875, -57.625, 8.046411311912278e-24, nan 
-1.625, -57.625, 1.2353927303861338e-23, nan 
-1.375, -57.625, 1.958362516653275e-23, nan 
-1.125, -57.625, 2.341749623131526e-23, nan 
-0.875, -57.625, 2.5731258606241086e-23, nan 
-0.625, -57.625, 1.917897421663115e-23, nan 
-0.375, -57.625, 1.844989694516505e-23, nan 
-0.125, -57.625, 1.5499992488504437e-23, nan 
0.125, -57.625, 9.617768107872898e-24, nan 
0.375, -57.625, 9.929066071145099e-24, nan 
-5.625, -57.375, 9.166165932754037e-24, nan 
-5.375, -57.375, 6.1029846679435915e-24, nan 
-5.125, -57.375, 2.8812376963631977e-24, nan 
-4.875, -57.375, 1.577956765063969e-24, nan 
-4.625, -57.375, 2.690750167665967e-24, nan 
-4.375, -57.375, 3.351781846041736e-24, nan 
-4.125, -57.375, 2.6760420647372054e-24, nan 
-3.875, -57.375, 4.42149900970032e-24, nan 
-3.625, -57.375, 1.1195428741585892e-23, nan 
-3.375, -57.375, 1.5756967271800005e-23, nan 
-3.125, -57.375, 1.481550085284985e-23, nan 
-2.875, -57.375, 5.7489552752262696e-24, nan 
-2.625, -57.375, 6.382681545835271e-24, nan 
-2.375, -57.375, 1.9302277115480273e-23, nan 
-2.125, -57.375, 1.7951407934083325e-23, nan 
-1.875, -57.375, 1.1699614619156617e-23, nan 
-1.625, -57.375, 2.190595802773928e-23, nan 
-1.375, -57.375, 2.228552562628261e-23, nan 
-1.125, -57.375, 1.1036129979712416e-23, nan 
-0.875, -57.375, 4.519630154334139e-24, nan 
-0.625, -57.375, 4.477609839354404e-24, nan 
-0.375, -57.375, 5.518391869382943e-24, nan 
-0.125, -57.375, 2.1428454288037574e-23, nan 
0.125, -57.375, 1.983134327718104e-23, nan 
-5.625, -57.125, 6.230693433409411e-24, nan 
-5.375, -57.125, 3.2940241668334198e-24, nan 
-5.125, -57.125, 3.273576976468252e-24, nan 
-4.875, -57.125, 2.7572990972637562e-24, nan 
-4.625, -57.125, 2.4136566769832788e-24, nan 
-4.375, -57.125, 7.330161539074587e-24, nan 
-4.125, -57.125, 7.48078674973509e-24, nan 
-3.875, -57.125, 1.8005059649234885e-24, nan 
-3.625, -57.125, 2.1094073742728226e-24, nan 
-3.375, -57.125, 4.094669903351511e-24, nan 
-3.125, -57.125, 1.0969881215812382e-23, nan 
-2.875, -57.125, 8.790385970951645e-24, nan 
-2.625, -57.125, 1.1224745824542314e-23, nan 
-2.375, -57.125, 1.3663867648452552e-23, nan 
-2.125, -57.125, 4.9121607638234726e-24, nan 
-1.875, -57.125, 1.977324271147801e-24, nan 
-1.625, -57.125, 2.835902487515519e-23, nan 
-1.375, -57.125, 3.12020137625362e-23, nan 
-1.125, -57.125, 8.642229532790437e-24, nan 
-0.875, -57.125, 3.5850736164684995e-24, nan 
-0.625, -57.125, 1.6712744860225656e-24, nan 
-0.375, -57.125, 1.3282322572059314e-24, nan 
-0.125, -57.125, 1.5783501020452288e-23, nan 
0.125, -57.125, 1.8135934096706368e-23, nan 
-5.375, -56.875, 4.762242657295352e-24, nan 
-5.125, -56.875, 3.4618301831628874e-24, nan 
-4.875, -56.875, 1.5559573518609697e-24, nan 
-4.625, -56.875, 3.229011965408727e-24, nan 
-4.375, -56.875, 3.984351475638848e-24, nan 
-4.125, -56.875, 6.68619846608972e-24, nan 
-3.875, -56.875, 5.476873317050093e-24, nan 
-3.625, -56.875, 3.536112530507335e-24, nan 
-3.375, -56.875, 3.1441512879785593e-24, nan 
-3.125, -56.875, 3.485775992531772e-24, nan 
-2.875, -56.875, 3.7996634702650306e-24, nan 
-2.625, -56.875, 4.353599491108608e-24, nan 
-2.375, -56.875, 5.841205012689552e-24, nan 
-2.125, -56.875, 4.791104153259517e-24, nan 
-1.875, -56.875, 2.2951499678172836e-24, nan 
-1.625, -56.875, 3.0177921065472286e-24, nan 
-1.375, -56.875, 1.8911069486470332e-23, nan 
-1.125, -56.875, 1.7795080015658844e-23, nan 
-0.875, -56.875, 1.3472407692096112e-23, nan 
-0.625, -56.875, 1.3991192829258036e-23, nan 
-0.375, -56.875, 2.0194320005058243e-23, nan 
-0.125, -56.875, 2.194434142489025e-23, nan 
0.125, -56.875, 1.6059539711033834e-23, nan 
-5.375, -56.625, 1.6440247851399406e-23, nan 
-5.125, -56.625, 1.8444914111636705e-23, nan 
-4.875, -56.625, 2.0635330761004475e-23, nan 
-4.625, -56.625, 2.00567633510652e-23, nan 
-4.375, -56.625, 1.4201474206260733e-23, nan 
-4.125, -56.625, 9.615451433398335e-24, nan 
-3.875, -56.625, 7.719980324227135e-24, nan 
-3.625, -56.625, 3.800510490273045e-24, nan 
-3.375, -56.625, 3.302605194056449e-24, nan 
-3.125, -56.625, 7.1806861362953e-24, nan 
-2.875, -56.625, 7.444694487846702e-24, nan 
-2.625, -56.625, 6.0405270623872346e-24, nan 
-2.375, -56.625, 6.049312432956338e-24, nan 
-2.125, -56.625, 3.871748627790837e-24, nan 
-1.875, -56.625, 5.684108151300885e-24, nan 
-1.625, -56.625, 5.995488725342256e-24, nan 
-1.375, -56.625, 4.25588661578709e-24, nan 
-1.125, -56.625, 2.940413852491721e-24, nan 
-0.875, -56.625, 1.0708365052810979e-23, nan 
-0.625, -56.625, 1.565914851040787e-23, nan 
-0.375, -56.625, 1.5772094609665693e-23, nan 
-0.125, -56.625, 7.403282623923431e-24, nan 
0.125, -56.625, 3.1741899466671284e-24, nan 
-5.125, -56.375, 1.8076846427395226e-23, nan 
-4.875, -56.375, 2.040568068788633e-23, nan 
-4.625, -56.375, 2.662028522820387e-23, nan 
-4.375, -56.375, 3.473134715847618e-23, nan 
-4.125, -56.375, 2.609408616428139e-23, nan 
-3.875, -56.375, 7.883351332549306e-24, nan 
-3.625, -56.375, 5.656856898073252e-24, nan 
-3.375, -56.375, 7.15602830049244e-24, nan 
-3.125, -56.375, 4.998396507069947e-24, nan 
-2.875, -56.375, 3.3079393914957082e-24, nan 
-2.625, -56.375, 4.439654207848647e-24, nan 
-2.375, -56.375, 4.902738394126747e-24, nan 
-2.125, -56.375, 4.0302031792663336e-24, nan 
-1.875, -56.375, 4.157658247372559e-24, nan 
-1.625, -56.375, 2.7645456252007365e-24, nan 
-1.375, -56.375, 1.3733760175569058e-24, nan 
-1.125, -56.375, 2.032876650458599e-24, nan 
-0.875, -56.375, 2.6630077194944294e-24, nan 
-0.625, -56.375, 3.37842483758972e-24, nan 
-0.375, -56.375, 4.353116858639727e-24, nan 
-0.125, -56.375, 4.6202729343770195e-24, nan 
0.125, -56.375, 3.675042688842325e-24, nan 
-5.125, -56.125, 2.6108019526506574e-24, nan 
-4.875, -56.125, 2.19321046358384e-24, nan 
-4.625, -56.125, 5.823590713731581e-24, nan 
-4.375, -56.125, 3.2635917866444904e-23, nan 
-4.125, -56.125, 3.1540367305231405e-23, nan 
-3.875, -56.125, 7.913329673437205e-24, nan 
-3.625, -56.125, 9.595732136710611e-24, nan 
-3.375, -56.125, 1.1610978563449307e-23, nan 
-3.125, -56.125, 7.670653952867654e-24, nan 
-2.875, -56.125, 5.307225474394556e-24, nan 
-2.625, -56.125, 2.7175501064353635e-24, nan 
-2.375, -56.125, 2.148975046820427e-24, nan 
-2.125, -56.125, 2.2162593784438454e-24, nan 
-1.875, -56.125, 2.6547970925887756e-24, nan 
-1.625, -56.125, 2.502882504431683e-24, nan 
-1.375, -56.125, 2.7289417693180523e-24, nan 
-1.125, -56.125, 2.7050071477754415e-24, nan 
-0.875, -56.125, 9.346710182874555e-25, nan 
-0.625, -56.125, 3.198549448104632e-24, nan 
-0.375, -56.125, 2.8319223319790668e-24, nan 
-0.125, -56.125, 3.62769809302075e-24, nan 
0.125, -56.125, 1.7858058191965327e-24, nan 
-4.875, -55.875, 2.0874530545581442e-23, nan 
-4.625, -55.875, 2.72479959481557e-23, nan 
-4.375, -55.875, 3.430985706957998e-23, nan 
-4.125, -55.875, 2.5244475325107722e-23, nan 
-3.875, -55.875, 9.045722789337954e-24, nan 
-3.625, -55.875, 1.3195382150660847e-23, nan 
-3.375, -55.875, 1.3551611813279006e-23, nan 
-3.125, -55.875, 1.3404362425161946e-23, nan 
-2.875, -55.875, 6.469983647513857e-24, nan 
-2.625, -55.875, 5.2868699387336556e-24, nan 
-2.375, -55.875, 2.980803476931401e-24, nan 
-2.125, -55.875, 7.781573416015236e-25, nan 
-1.875, -55.875, 9.756042465735527e-25, nan 
-1.625, -55.875, 7.594312145716541e-25, nan 
-1.375, -55.875, 9.288334384780313e-25, nan 
-1.125, -55.875, 4.057494594278844e-24, nan 
-0.875, -55.875, 6.3059624775558715e-24, nan 
-0.625, -55.875, 9.921085026351944e-24, nan 
-0.375, -55.875, 7.621267230345686e-24, nan 
-0.125, -55.875, 2.6002592764600663e-24, nan 
0.125, -55.875, 4.23675735513436e-24, nan 
-4.875, -55.625, 2.06670095182171e-23, nan 
-4.625, -55.625, 2.0407071528258946e-23, nan 
-4.375, -55.625, 1.2780570941659083e-23, nan 
-4.125, -55.625, 1.185283364847613e-23, nan 
-3.875, -55.625, 1.8043322850156088e-23, nan 
-3.625, -55.625, 1.8652858865353598e-23, nan 
-3.375, -55.625, 1.1092590533379381e-23, nan 
-3.125, -55.625, 2.5492825862219916e-23, nan 
-2.875, -55.625, 2.111259317811019e-23, nan 
-2.625, -55.625, 6.37066632784692e-24, nan 
-2.375, -55.625, 5.948207338743166e-24, nan 
-2.125, -55.625, 1.926350410561962e-24, nan 
-1.875, -55.625, 1.2774220781218218e-24, nan 
-1.625, -55.625, 1.203060492760969e-24, nan 
-1.375, -55.625, 7.294021238303814e-25, nan 
-1.125, -55.625, 1.2327890413795786e-24, nan 
-0.875, -55.625, 1.2030711864510495e-24, nan 
-0.625, -55.625, 3.6179488655679765e-24, nan 
-0.375, -55.625, 4.361927237751246e-24, nan 
-0.125, -55.625, 4.8658048813912484e-24, nan 
0.125, -55.625, 3.553053572796007e-24, nan 
-4.625, -55.375, 1.772105415149648e-24, nan 
-4.375, -55.375, 2.6858316455720973e-24, nan 
-4.125, -55.375, 4.637081290344073e-24, nan 
-3.875, -55.375, 4.678541822073049e-24, nan 
-3.625, -55.375, 1.0423497773506806e-23, nan 
-3.375, -55.375, 9.920929427532232e-24, nan 
-3.125, -55.375, 1.1193877676262237e-23, nan 
-2.875, -55.375, 4.0609898547836916e-24, nan 
-2.625, -55.375, 4.5122105284561756e-24, nan 
-2.375, -55.375, 2.794299057455145e-24, nan 
-2.125, -55.375, 1.3662317637895321e-24, nan 
-1.875, -55.375, 1.1394945328367388e-23, nan 
-1.625, -55.375, 1.9105853205971577e-24, nan 
-1.375, -55.375, 2.4302683168561776e-24, nan 
-1.125, -55.375, 1.6004175515376452e-24, nan 
-0.875, -55.375, 3.152586316183789e-24, nan 
-0.625, -55.375, 2.1259933001710758e-24, nan 
-0.375, -55.375, 2.3473172706649248e-24, nan 
-0.125, -55.375, 2.410587785420347e-24, nan 
0.125, -55.375, 2.7960549015583954e-24, nan 
-4.375, -55.125, 3.9074014763412915e-24, nan 
-4.125, -55.125, 3.753499909252563e-24, nan 
-3.875, -55.125, 2.0943954944190522e-24, nan 
-3.625, -55.125, 1.965651828641887e-24, nan 
-3.375, -55.125, 2.11390027061909e-24, nan 
-3.125, -55.125, 2.5944655999917888e-24, nan 
-2.875, -55.125, 1.0784454770037675e-23, nan 
-2.625, -55.125, 4.7920592070928864e-24, nan 
-2.375, -55.125, 3.322250079514119e-24, nan 
-2.125, -55.125, 2.002963439971418e-23, nan 
-1.875, -55.125, 3.012499142085487e-23, nan 
-1.625, -55.125, 1.9668569252762023e-23, nan 
-1.375, -55.125, 3.185610338152276e-24, nan 
-1.125, -55.125, 3.714952196647051e-24, nan 
-0.875, -55.125, 5.689214509284258e-24, nan 
-0.625, -55.125, 7.020902340183423e-24, nan 
-0.375, -55.125, 5.743030075944339e-24, nan 
-0.125, -55.125, 4.689140499506792e-24, nan 
0.125, -55.125, 4.8132017521172406e-24, nan 
-4.375, -54.875, 2.4275278880287454e-24, nan 
-4.125, -54.875, 1.2105836201603729e-23, nan 
-3.875, -54.875, 1.67967404576988e-23, nan 
-3.625, -54.875, 3.145340099207848e-24, nan 
-3.375, -54.875, 3.0228743479577722e-24, nan 
-3.125, -54.875, 1.671526055956938e-23, nan 
-2.875, -54.875, 3.0067512638635307e-23, nan 
-2.625, -54.875, 2.0032904099204347e-23, nan 
-2.375, -54.875, 3.7363170727595385e-24, nan 
-2.125, -54.875, 1.7870667611866252e-23, nan 
-1.875, -54.875, 2.681091792506957e-23, nan 
-1.625, -54.875, 1.8394174805946256e-23, nan 
-1.375, -54.875, 3.868779809284326e-24, nan 
-1.125, -54.875, 3.7452668407499324e-24, nan 
-0.875, -54.875, 4.730433481809029e-24, nan 
-0.625, -54.875, 6.863050465444027e-24, nan 
-0.375, -54.875, 5.778520060397124e-24, nan 
-0.125, -54.875, 1.3566919163929997e-23, nan 
-4.125, -54.625, 2.8114571859290673e-23, nan 
-3.875, -54.625, 3.468715189966105e-23, nan 
-3.625, -54.625, 2.559545233341259e-23, nan 
-3.375, -54.625, 4.744736070826675e-24, nan 
-3.125, -54.625, 3.376361024010487e-24, nan 
-2.875, -54.625, 1.2664784402512932e-23, nan 
-2.625, -54.625, 3.2801846878455267e-24, nan 
-2.375, -54.625, 3.2550773295052232e-24, nan 
-2.125, -54.625, 4.3084051945195624e-24, nan 
-1.875, -54.625, 9.301692619696593e-24, nan 
-1.625, -54.625, 3.078445459231747e-24, nan 
-1.375, -54.625, 3.743748960645706e-24, nan 
-1.125, -54.625, 6.138319429362414e-24, nan 
-0.875, -54.625, 6.082730128528506e-24, nan 
-0.625, -54.625, 1.7393863572879392e-23, nan 
-0.375, -54.625, 2.7195330631391125e-23, nan 
-0.125, -54.625, 2.706684185228757e-23, nan 
-4.125, -54.375, 1.2099045819387002e-23, nan 
-3.875, -54.375, 1.5191920608250317e-23, nan 
-3.625, -54.375, 4.628791403738751e-24, nan 
-3.375, -54.375, 5.7024512882261816e-24, nan 
-3.125, -54.375, 4.981666184795406e-24, nan 
-2.875, -54.375, 5.1517135335013095e-24, nan 
-2.625, -54.375, 4.590306780454913e-24, nan 
-2.375, -54.375, 6.100064220365304e-24, nan 
-2.125, -54.375, 5.579050193830198e-24, nan 
-1.875, -54.375, 2.4920860500609503e-24, nan 
-1.625, -54.375, 4.535002616437992e-24, nan 
-1.375, -54.375, 5.937234532415966e-24, nan 
-1.125, -54.375, 5.191164168749399e-24, nan 
-0.875, -54.375, 2.4053534211648717e-23, nan 
-0.625, -54.375, 3.0909881221356835e-23, nan 
-0.375, -54.375, 1.8491846818689764e-23, nan 
-0.125, -54.375, 5.598889094082461e-24, nan 
-3.875, -54.125, 5.961287879081711e-24, nan 
-3.625, -54.125, 6.821869915064369e-24, nan 
-3.375, -54.125, 1.1509918469447808e-23, nan 
-3.125, -54.125, 1.1157539202664163e-23, nan 
-2.875, -54.125, 4.211358023906777e-24, nan 
-2.625, -54.125, 4.467865419716473e-24, nan 
-2.375, -54.125, 5.094026681185159e-24, nan 
-2.125, -54.125, 4.5616223097135566e-24, nan 
-1.875, -54.125, 5.088374591290236e-24, nan 
-1.625, -54.125, 4.95170934140092e-24, nan 
-1.375, -54.125, 3.687243580148962e-24, nan 
-1.125, -54.125, 3.990352634387977e-24, nan 
-0.875, -54.125, 4.138053204630847e-24, nan 
-0.625, -54.125, 2.0750244954120894e-23, nan 
-0.375, -54.125, 2.1806684991531195e-23, nan 
-0.125, -54.125, 1.4719702650810644e-23, nan 
-3.875, -53.875, 3.804423546234398e-24, nan 
-3.625, -53.875, 5.098841114887027e-24, nan 
-3.375, -53.875, 4.9214410318983306e-24, nan 
-3.125, -53.875, 6.664981696970001e-24, nan 
-2.875, -53.875, 3.746019223363519e-24, nan 
-2.625, -53.875, 2.1299988786561577e-24, nan 
-2.375, -53.875, 3.469945616503119e-24, nan 
-2.125, -53.875, 2.3622426750061987e-24, nan 
-1.875, -53.875, 4.405730643770424e-24, nan 
-1.625, -53.875, 3.8389070554034516e-24, nan 
-1.375, -53.875, 2.396556740456331e-24, nan 
-1.125, -53.875, 2.912284442768623e-24, nan 
-0.875, -53.875, 3.808816553737728e-24, nan 
-0.625, -53.875, 3.856777430374009e-24, nan 
-0.375, -53.875, 1.1778702568727307e-23, nan 
-0.125, -53.875, 1.4836053861544913e-23, nan 
-3.625, -53.625, 4.142812802597221e-24, nan 
-3.375, -53.625, 4.7346691962460215e-24, nan 
-3.125, -53.625, 7.30937689817867e-24, nan 
-2.875, -53.625, 7.359121182065887e-24, nan 
-2.625, -53.625, 4.170924511170538e-24, nan 
-2.375, -53.625, 4.22055490438254e-24, nan 
-2.125, -53.625, 5.3216424897056104e-24, nan 
-1.875, -53.625, 7.492596054496334e-24, nan 
-1.625, -53.625, 1.6593966587364045e-23, nan 
-1.375, -53.625, 1.5480689131349757e-23, nan 
-1.125, -53.625, 1.1716969416152614e-23, nan 
-0.875, -53.625, 3.9309905189624795e-24, nan 
-0.625, -53.625, 3.8260554024559104e-24, nan 
-0.375, -53.625, 4.190344660261448e-24, nan 
-3.375, -53.375, 6.33913628529366e-24, nan 
-3.125, -53.375, 5.9678991087880746e-24, nan 
-2.875, -53.375, 5.873380182256371e-24, nan 
-2.625, -53.375, 4.873934511896766e-24, nan 
-2.375, -53.375, 2.911084040887359e-24, nan 
-2.125, -53.375, 4.6203170449722314e-24, nan 
-1.875, -53.375, 1.8757675360257805e-23, nan 
-1.625, -53.375, 2.390679714952244e-23, nan 
-1.375, -53.375, 1.6780883070029013e-23, nan 
-1.125, -53.375, 1.9430270124803208e-23, nan 
-0.875, -53.375, 1.3945358611082162e-23, nan 
-0.625, -53.375, 3.1803153500445837e-24, nan 
-0.375, -53.375, 2.8144913095176847e-24, nan 
-3.375, -53.125, 3.883760855571794e-24, nan 
-3.125, -53.125, 4.5298031598465215e-24, nan 
-2.875, -53.125, 3.1053320699682334e-24, nan 
-2.625, -53.125, 3.3248465807890774e-24, nan 
-2.375, -53.125, 3.4551539927932294e-24, nan 
-2.125, -53.125, 5.545243200604896e-24, nan 
-1.875, -53.125, 1.5799303674766454e-23, nan 
-1.625, -53.125, 1.94490987864872e-23, nan 
-1.375, -53.125, 1.5362059982880788e-23, nan 
-1.125, -53.125, 1.6562616322793693e-23, nan 
-0.875, -53.125, 1.0925197375927041e-23, nan 
-0.625, -53.125, 2.8924219540693537e-24, nan 
-0.375, -53.125, 2.4799955530539844e-24, nan 
-3.125, -52.875, 6.134577165125868e-24, nan 
-2.875, -52.875, 4.366998711431287e-24, nan 
-2.625, -52.875, 2.839784491303175e-24, nan 
-2.375, -52.875, 2.3948414625533872e-24, nan 
-2.125, -52.875, 4.035382554936128e-24, nan 
-1.875, -52.875, 4.814777409075969e-24, nan 
-1.625, -52.875, 1.2890398490789515e-23, nan 
-1.375, -52.875, 1.335356311272136e-23, nan 
-1.125, -52.875, 1.070664233388238e-23, nan 
-0.875, -52.875, 5.687477369170235e-24, nan 
-0.625, -52.875, 3.785938629209458e-24, nan 
-0.375, -52.875, 1.459828460756269e-24, nan 
-2.875, -52.625, 1.6428374666983382e-24, nan 
-2.625, -52.625, 1.9404801050102604e-24, nan 
-2.375, -52.625, 1.7402081528604563e-24, nan 
-2.125, -52.625, 1.4347201878272883e-24, nan 
-1.875, -52.625, 2.7016866661271086e-24, nan 
-1.625, -52.625, 4.1009895429556295e-24, nan 
-1.375, -52.625, 3.842600742493418e-24, nan 
-1.125, -52.625, 3.2911555721861737e-24, nan 
-0.875, -52.625, 3.719055320432103e-24, nan 
-0.625, -52.625, 3.59637174202669e-24, nan 
-2.875, -52.375, 1.0971375231816221e-24, nan 
-2.625, -52.375, 2.088338004995573e-24, nan 
-2.375, -52.375, 3.062243677857629e-24, nan 
-2.125, -52.375, 2.472498532837773e-24, nan 
-1.875, -52.375, 3.5348595780935115e-24, nan 
-1.625, -52.375, 5.515176302362528e-24, nan 
-1.375, -52.375, 4.4354387253382104e-24, nan 
-1.125, -52.375, 4.367086408638882e-24, nan 
-0.875, -52.375, 4.003127619737691e-24, nan 
-0.625, -52.375, 3.934336330750384e-24, nan 
-2.625, -52.125, 2.2018738695801865e-24, nan 
-2.375, -52.125, 2.586250005727908e-24, nan 
-2.125, -52.125, 1.2824257588567767e-24, nan 
-1.875, -52.125, 3.98589170720359e-24, nan 
-1.625, -52.125, 5.3113114390471794e-24, nan 
-1.375, -52.125, 4.324532821826253e-24, nan 
-1.125, -52.125, 6.741927287497931e-24, nan 
-0.875, -52.125, 6.204697246089362e-24, nan 
-0.625, -52.125, 3.4326871984874286e-24, nan 
-2.375, -51.875, 2.6510877423665114e-24, nan 
-2.125, -51.875, 2.636783952635625e-24, nan 
-1.875, -51.875, 2.7792997560847668e-24, nan 
-1.625, -51.875, 1.6521476240896592e-24, nan 
-1.375, -51.875, 1.3329554110627629e-24, nan 
-1.125, -51.875, 6.779273504919145e-24, nan 
-0.875, -51.875, 7.77649418271601e-24, nan 
-2.375, -51.625, 2.8395792402355483e-24, nan 
-2.125, -51.625, 3.7555930695363675e-24, nan 
-1.875, -51.625, 3.782688708718372e-24, nan 
-1.625, -51.625, 3.5144651702128376e-24, nan 
-1.375, -51.625, 2.3967178790008294e-24, nan 
-1.125, -51.625, 2.737749010144195e-24, nan 
-0.875, -51.625, 3.350876363275185e-24, nan 
-2.125, -51.375, 6.1331868614913454e-24, nan 
-1.875, -51.375, 2.716024246334226e-24, nan 
-1.625, -51.375, 3.2381242769715535e-24, nan 
-1.375, -51.375, 2.3294898724162265e-24, nan 
-1.125, -51.375, 2.346249341926075e-24, nan 
-0.875, -51.375, 2.2880173446580026e-24, nan 
-1.875, -51.125, 1.2738624855434848e-23, nan 
-1.625, -51.125, 1.7989038900643704e-24, nan 
-1.375, -51.125, 1.4374344786600799e-24, nan 
-1.125, -51.125, 1.4331621413805628e-24, nan 
-1.875, -50.875, 2.6097818983055774e-23, nan 
-1.625, -50.875, 1.979897880645207e-23, nan 
-1.375, -50.875, 1.9015909084547946e-24, nan 
-1.125, -50.875, 3.364600887109657e-24, nan 
-1.625, -50.625, 2.2936784728153215e-24, nan 
-1.375, -50.625, 3.3077316267229066e-24, nan 
-1.125, -50.625, 5.500461330477738e-24, nan 
-1.375, -50.375, 5.0598232186265815e-24, nan 
-1.375, -50.125, 6.7321691604176e-24, nan 
