# MEX_intpoint_lon [deg], MEX_intpoint_lat [deg], MEX_intpoint_angle [deg], TGO_intpoint_lon [deg], TGO_intpoint_lat [deg], TGO_intpoint_angle [deg] 
92.00869542858436, -46.24689500340148, 60.28367222254985, -82.23871804826977, -45.004787919913504, 64.04582237325884 
92.44300655817595, -46.64655788529275, 60.27956256486505, -81.92962673585188, -44.622757814311214, 64.05043527527238 
92.87487921492229, -47.04912192989318, 60.27542741904229, -81.61620533808579, -44.24338568212614, 64.05501637841076 
93.30428316826992, -47.45454876290271, 60.27126808140306, -81.29854032494839, -43.866718511020494, 64.0595643324904 
93.73118678521813, -47.86280002354632, 60.267085880020595, -80.97671501448764, -43.49280293547897, 64.06407782497301 
94.15555691982622, -48.273837365554165, 60.26288217425987, -80.65080974788314, -43.12168525059492, 64.0685555812548 
94.5773587956094, -48.68762245767867, 60.258658354278886, -80.32090205553368, -42.75341142451226, 64.0729963649127 
94.99655588023141, -49.104116983733654, 60.25441584049199, -79.98706681471333, -42.38802710959016, 64.07739897790651 
95.41310975184449, -49.52328264213932, 60.25015608299492, -79.64937639930075, -42.025577652352595, 64.0817622607381 
95.82697995636298, -49.94508114495433, 60.24588056095248, -79.30790082205131, -41.66610810228088, 64.0860850925675 
96.23812385488675, -50.36947421637443, 60.24159078194859, -78.96270786985006, -41.30966321950263, 64.09036639128615 
96.64649646041092, -50.796423590674806, 60.237288281299385, -78.61386323235324, -40.95628748142783, 64.0946051135476 
97.05205026287118, -51.22589100956984, 60.232974621330015, -78.26143062439859, -40.606025088378146, 64.09880025475614 
97.4547350414768, -51.657838218961835, 60.22865139061502, -77.90547190253874, -40.25891996825379, 64.1029508490135 
97.85449766317345, -52.09222696504589, 60.224320203183275, -77.54604717602777, -39.91501578027863, 64.10705596902432 
98.25128186595782, -52.529018989735135, 60.21998269768796, -77.183214912569, -39.57435591786163, 64.111114725961 
98.64502802562872, -52.968176025365196, 60.21564053654191, -76.81703203911073, -39.236983510611445, 64.11512626928743 
99.03567290440805, -53.409659788632744, 60.2112954050193, -76.44755403795779, -38.90294142553712, 64.11908978654385 
99.42314937969394, -53.853431973716745, 60.206949010324095, -76.07483503844809, -38.57227226746793, 64.12300450309192 
99.80738615101649, -54.2994542445256, 60.20260308062614, -75.69892790442677, -38.245018378721944, 64.12686968182132 
100.1883074230508, -54.74768822600523, 60.19825936406528, -75.31988431773523, -37.92122183805233, 64.13068462281868 
100.5658325622994, -55.19809549443677, 60.19391962772525, -74.93775485791647, -37.60092445889902, 64.13444866299905 
100.93987572478085, -55.65063756664188, 60.18958565657671, -74.55258907832615, -37.284167786971246, 64.13816117570126 
101.31034545175281, -56.105275888005195, 60.185259252391674, -74.16443557882424, -36.97099309718649, 64.1418215702473 
101.67714423014549, -56.561971819210726, 60.18094223262935, -73.7733420752119, -36.66144138998949, 64.1454292914674 
102.0401680139845, -57.02068662157672, 60.176636429294874, -73.37935546556588, -36.355553387074416, 64.14898381919055 
102.3993057026294, -57.481381440858414, 60.17234368777144, -72.98252189361281, -36.05336952653266, 64.15248466770281 
102.75443857114043, -57.94401728937133, 60.168065865627476, -72.58288680927652, -35.75492995744778, 64.15593138517275 
103.10543964749867, -58.40855502626827, 60.1638048313991, -72.18049502652151, -35.46027453395846, 64.15932355304632 
103.45217303073592, -58.8749553357815, 60.159562463349715, -71.77539077860845, -35.16944280881041, 64.1626607854114 
103.79449314326332, -59.343178703216374, 60.1553406482077, -71.36761777086862, -34.88247402641692, 64.16594272833338 
104.132243909809, -59.813185388452915, 60.15114127988259, -70.95721923109791, -34.59940711544801, 64.16916905916271 
104.46525785436533, -60.28493539667986, 60.1469662581623, -70.5442379576633, -34.32028068096757, 64.17233948581568 
104.79335510538347, -60.75838844604595, 60.14281748739135, -70.12871636540913, -34.04513299613781, 64.17545374602925 
105.11634229811138, -61.233503931869436, 60.138696875132126, -69.71069652944401, -33.774001993510026, 64.17851160659156 
105.43401136142023, -61.71024088699564, 60.13460633081002, -69.29022022688402, -33.50692525592043, 64.18151286254874 
105.74613817466678, -62.188557937831895, 60.130547764344186, -68.86732897662272, -33.24394000701032, 64.18445733638994 
106.05248107805023, -62.66841325552003, 60.12652308476468, -68.44206407719383, -32.98508310138909, 64.18734487721102 
106.35277921749098, -63.149764501625825, 60.122534198817846, -68.01446664278758, -32.730391014458995, 64.1901753598589 
106.64675070222069, -63.63256876762933, 60.11858300956118, -67.58457763747856, -32.47989983192056, 64.19294868405719 
106.93409054995043, -64.11678250738898, 60.11467141494895, -67.15243790771828, -32.23364523897767, 64.1956647735153 
107.21446839058865, -64.60236146162173, 60.110801306410075, -66.7180882131426, -31.991662509261193, 64.19832357502105 
107.48752589489428, -65.0892605732863, 60.10697456741968, -66.28156925574109, -31.753986493490338, 64.20092505751975 
107.75287388904455, -65.57743389257489, 60.10319307206618, -65.8429217074325, -31.520651607891214, 64.2034692111795 
108.010089109698, -66.06683447000134, 60.09945868361453, -65.40218623608718, -31.291691822391662, 64.20595604644535 
108.25871054654385, -66.55741423581563, 60.09577325306799, -64.95940353003608, -31.067140648612273, 64.20838559308312 
108.49823531029529, -67.04912386366682, 60.092138617729375, -64.5146143211027, -30.847031127673105, 64.21075789921434 
108.72811395330186, -67.54191261606704, 60.08855659976368, -64.06785940619284, -30.631395817836182, 64.21307303034371 
108.94774515704295, -68.03572816876505, 60.085029004763165, -63.61917966747524, -30.420266782003647, 64.21533106838083 
109.15646968524928, -68.5305164106019, 60.081557620317014, -63.16861609118463, -30.213675575092115, 64.21753211065733 
109.35356348269522, -69.02622121477263, 60.07814421458647, -62.71620978507696, -30.011653231303328, 64.21967626894072 
109.53822977707793, -69.5227841766274, 60.07479053488749, -62.262001994565985, -29.81423025131185, 64.22176366844695 
109.70959001392733, -70.02014431218309, 60.071498306282415, -61.806034117568736, -29.621436589390523, 64.22379444685264 
109.86667342101765, -70.51823771033338, 60.06826923018175, -61.34834771808693, -29.433301640494452, 64.22576875330843 
110.00840495780847, -71.01699713029157, 60.06510498295814, -60.88898453855033, -29.24985422732446, 64.22768674745551 
110.13359135517473, -71.51635153400002, 60.06200721457399, -60.427986510947704, -29.071122587391212, 64.22954859844596 
110.24090488872412, -72.01622554100497, 60.0589775472237, -59.9653957667705, -28.897134360100956, 64.2313544839688 
110.32886445232079, -72.51653879050406, 60.05601757399311, -59.501254645793814, -28.727916573884137, 64.2331045892834 
110.39581340316079, -73.01720519177155, 60.05312885753657, -59.0356057037194, -28.56349563338808, 64.23479910626088 
110.43989353088185, -73.51813203975013, 60.050312928773735, -58.56849171870496, -28.403897306755066, 64.23643823243609 
110.45901435429828, -74.01921896699943, 60.047571285607546, -58.0999556968043, -28.24914671300667, 64.23802217007042 
110.45081676208801, -74.52035669605424, 60.044905391664734, -57.63004087634273, -28.09926830955581, 64.23955112522748 
110.41262977731003, -75.02142554709697, 60.04231667506026, -57.1587907312525, -27.95428587986735, 64.2410253068631 
110.34141892594633, -75.52229364405478, 60.03980652718746, -56.686248973393226, -27.814222521288055, 64.24244492593031 
110.23372430850284, -76.02281474693434, 60.03737630153465, -56.21245955388263, -27.679100633066895, 64.2438101945018 
110.0855859874109, -76.52282561825086, 60.035027312530424, -55.737466663463394, -27.54894190458592, 64.2451213249099 
109.89245368100065, -77.0221428052122, 60.03276083441817, -55.26131473193227, -27.423767303822135, 64.24637852890606 
109.64907695803635, -77.52055868472449, 60.030578100161854, -54.78404842665823, -27.303597066060338, 64.24758201684139 
109.34937110576705, -78.01783657232761, 60.028480300383784, -54.305712650217046, -27.188450682876635, 64.24873199686849 
108.98625253814576, -78.51370463475958, 60.026468582335816, -53.82635253717029, -27.078346891411833, 64.24982867416684 
108.55143594710624, -79.00784826335159, 60.024544048905774, -53.3460134500173, -26.973303663953722, 64.25087225019212 
108.0351832996404, -79.49990045410075, 60.02270775765901, -52.86474097434962, -26.873338197846707, 64.2518629219512 
107.42599217493193, -79.98942958940546, 60.020960719917724, -52.3825809132377, -26.778466905746708, 64.25280088130327 
106.71020778723705, -80.47592381163034, 60.019303899878075, -51.89957928088102, -26.688705406238814, 64.25368631428884 
105.8715394334351, -80.95877090071129, 60.01773821376647, -51.41578229555283, -26.604068514834726, 64.25451940048701 
104.89045838858925, -81.43723219243881, 60.01626452903654, -50.93123637187195, -26.524570235365914, 64.25530031240245 
103.74345137755914, -81.91040857202428, 60.01488366360676, -50.44598811243477, -26.45022375178867, 64.2560292148827 
102.40210380161143, -82.37719592087066, 60.01359638514082, -49.96008429884089, -26.381041420415464, 64.25670626456693 
100.83199440667666, -82.83622657070018, 60.0124034103706, -49.473571882147354, -26.317034762587273, 64.25733160936679 
98.99140714745346, -83.28579236973195, 60.011305404463165, -48.986497972786275, -26.258214457800165, 64.25790538798023 
96.82992420416177, -83.72374407333547, 60.01030298043259, -48.498909829982004, -26.20459033729887, 64.25842772943906 
94.28708862991914, -84.14736144894573, 60.00939669859676, -48.01085485070432, -26.15617137814929, 64.25889875269092 
91.29157028963205, -84.55318994657524, 60.0085870660807, -47.5223805581948, -26.112965697800835, 64.25931856621624 
87.76171321344677, -84.9368456010902, 60.00787453636613, -47.033534590104196, -26.074980549148954, 64.25968726768093 
83.60906087152728, -85.29280480174337, 60.00725950888845, -46.54436468627903, -26.042222316106862, 64.26000494362498 
78.74739506781248, -85.6142270390547, 60.006742328681526, -46.054918676236326, -26.01469650969492, 64.26027166918806 
73.11047235990924, -85.8929134599274, 60.00632328607029, -45.56524446636571, -25.992407764655, 64.26048750787177 
66.68048228798433, -86.11957497993593, 60.00600261641229, -45.0753900268985, -25.975359836596162, 64.26065251133979 
59.523703774797916, -86.28462153555951, 60.00578049988771, -44.58540337868379, -25.963555599677065, 64.26076671925507 
51.81886345567756, -86.37957667101628, 60.00565706133882, -44.09533257981198, -25.956997044829503, 64.26083015915584 
43.854263875035336, -86.39886925440005, 60.005632370158615, -43.60522571212603, -25.955685278526442, 64.26084284636902 
35.97806440503452, -86.34129778121772, 60.00570644022868, -43.115130867661364, -25.95962052209671, 64.26080478396243 
28.517467235378263, -86.2103764520277, 60.00587922990713, -42.62509613505506, -25.96880211158803, 64.26071596273505 
21.70919385331698, -86.01335327373212, 60.006150642065506, -42.135169585965286, -25.983228498178132, 64.26057636124597 
15.673561174450859, -85.75947345758136, 60.00652052417558, -41.64539926154185, -26.002897249133717, 64.26038594588141 
10.430310688779095, -85.45831474385011, 60.0069886684453, -41.15583315898841, -26.02780504931493, 64.26014467096013 
5.933219257681183, -85.11868242957001, 60.00755481200414, -40.66651921825732, -26.05794770322296, 64.2598524788768 
2.1031796409424035, -84.74810547709987, 60.00821863713735, -40.17750530891711, -26.093320137586556, 64.25950930028341 
-1.1487435708057427, -84.35274905992227, 60.008979771568896, -39.688839217233216, -26.133916404482743, 64.25911505430815 
-3.908321128128226, -83.93754110194867, 60.00983778879275, -39.20056863350134, -26.179729684985848, 64.25866964881148 
-6.252252775972321, -83.50637487028307, 60.010792208452216, -38.71274113967329, -26.23075229333785, 64.25817298067896 
-8.246386592514076, -83.06231520023827, 60.011842496766675, -38.22540419731416, -26.28697568163244, 64.25762493615098 
-9.946010066474832, -82.60777856307809, 60.01298806700508, -37.738605135929426, -26.348390445003723, 64.25702539118767 
-11.39701207680615, -82.14467937793744, 60.01422828000613, -37.252391141700045, -26.414986327310164, 64.25637421186974 
-12.637290298906304, -81.67454459083127, 60.01556244474408, -36.76680924666298, -26.486752227302972, 64.25567125483373 
-13.69811247618527, -81.19860174222346, 60.01698981893918, -36.2819063183742, -26.563676205267523, 64.25491636774137 
-14.605316423211992, -80.71784609661498, 60.01850960971307, -35.79772905008999, -26.645745490125623, 64.25410938978241 
-15.380319753012621, -80.23309170383173, 60.020120974287046, -35.314323951502665, -26.732946486985288, 64.25325015220982 
-16.04094851782707, -79.74501030344568, 60.02182302072324, -34.831737340065054, -26.825264785124496, 64.25233847890695 
-16.60210818843902, -79.25416108603869, 60.02361480870737, -34.35001533293825, -26.92268516639388, 64.25137418698554 
-17.076323393389234, -78.76101358428005, 60.0254953503724, -33.86920383959578, -27.02519161402348, 64.25035708741358 
-17.474171039469564, -78.2659653905049, 60.02746361116172, -33.389348555117095, -27.132767321817283, 64.24928698567237 
-17.80462795799132, -77.76935596243761, 60.02951851073134, -32.910494954201994, -27.245394703719047, 64.24816368244167 
-18.075350490189773, -77.2714774553238, 60.0316589238894, -32.432688285937516, -27.36305540373229, 64.24698697431161 
-18.29290002546313, -76.77258328007288, 60.03388368157233, -31.955973569347293, -27.4857303061766, 64.24575665452079 
-18.462925626884008, -76.27289491125387, 60.03619157185627, -31.48039558975353, -27.61339954626214, 64.24447251371909 
-18.590312531700846, -75.77260733922499, 60.0385813410028, -31.005998895980195, -27.74604252096357, 64.24313434075401 
-18.67930344250212, -75.27189346488294, 60.04105169453715, -30.532827798425917, -27.8836379001743, 64.24174192347992 
-18.733598049308878, -74.7709076643868, 60.043601298358304, -30.060926368034288, -28.02616363812168, 64.240295049588 
-18.75643506755697, -74.269788698124, 60.04622877987926, -29.590338436188468, -28.173596985023046, 64.23879350745679 
-18.75066017490783, -73.76866209834145, 60.048932729196274, -29.121107595556825, -28.32591449896272, 64.23723708702097 
-18.71878252594729, -73.26764213978414, 60.05171170028563, -28.653277201915202, -28.48309205796952, 64.23562558065807 
-18.663021974014825, -72.76683347483723, 60.05456421222653, -28.18689037697182, -28.645104872273986, 64.23395878409082 
-18.58534869902849, -72.26633249720724, 60.05748875044874, -27.721990012219543, -28.811927496724707, 64.23223649730477 
-18.487516602336253, -71.76622848475736, 60.060483768003685, -27.25861877384057, -28.98353384334282, 64.2304585254791 
-18.371091563550923, -71.26660456173074, 60.06354768685718, -26.796819108688158, -29.15989719399332, 64.2286246799293 
-18.237475444003177, -70.76753851252226, 60.0666788992025, -26.336633251369634, -29.34099021315246, 64.2267347790609 
-18.08792655455148, -70.26910347284077, 60.06987576879258, -25.878103232455373, -29.52678496074971, 64.22478864933194 
-17.92357717252251, -69.7713685191364, 60.07313663228925, -25.42127088783811, -29.71725290506317, 64.22278612622375 
-17.745448586193, -69.27439917323586, 60.07645980062842, -24.966177869266996, -29.912364935647357, 64.22072705521761 
-17.554464059794828, -68.77825783600476, 60.07984356039971, -24.5128656560817, -30.112091376272037, 64.21861129277673 
-17.351460043131564, -68.2830041613596, 60.083286175238506, -24.06137556817159, -30.31640199785109, 64.21643870733145 
-17.137195894112182, -67.78869537994663, 60.08678588722956, -23.611748780185764, -30.525266031340465, 64.21420918026651 
-16.912362337163664, -67.29538658018863, 60.09034091831999, -23.164026337020744, -30.738652180584126, 64.21192260690893 
-16.677588843481065, -66.80313095308952, 60.09394947174052, -22.71824917061278, -30.956528635087555, 64.20957889751504 
-16.43345008876347, -66.31198000612056, 60.09760973343351, -22.274458118063436, -31.178863082697692, 64.20717797825507 
-16.18047161916341, -65.82198375063952, 60.10131987348545, -21.832693941127424, -31.405622722169337, 64.20471979219396 
-15.919134835614292, -65.33319086657949, 60.10507804756348, -21.392997347093925, -31.63677427559726, 64.20220430026689 
-15.649881389672215, -64.8456488475536, 60.10888239835372, -20.955409011093113, -31.87228400069415, 64.1996314822483 
-15.37311706986063, -64.3594041290351, 60.11273105699971, -20.51996959986221, -32.11211770289418, 64.19700133771275 
-15.089215245710415, -63.87450220186671, 60.11662214454031, -20.086719797006438, -32.356240747262575, 64.19431388698592 
-14.798519926823476, -63.390987713016756, 60.12055377334462, -19.65570032979298, -32.60461807019133, 64.19156917208525 
-14.501348486010066, -62.908904555217084, 60.12452404854284, -19.226951997518043, -32.85721419086169, 64.18876725764783 
-14.197994088584583, -62.4282959468816, 60.1285310694518, -18.800515701489523, -33.11399322245405, 64.18590823184476 
-13.88872786402507, -61.949204503505335, 60.132572930993334, -18.37643247667105, -33.374918883085954, 64.18299220728034 
-13.573800851223549, -61.47167230157621, 60.136647725104154, -17.95474352503562, -33.63995450645931, 64.18001932187506 
-13.253445744330117, -60.99574093588915, 60.1407535421361, -17.535490250680837, -33.909063052197546, 64.17698973973066 
-12.927878462596295, -60.52145157103181, 60.14488847224486, -17.118714296760956, -34.18220711585415, 64.17390365197625 
-12.597299564554774, -60.048844987708726, 60.14905060676623, -16.704457584295366, -34.459348938573434, 64.17076127759414 
-12.261895524245126, -59.57796162448208, 60.15323803957839, -16.292762352916572, -34.74045041638491, 64.1675628642241 
-11.921839884943696, -59.10884161543348, 60.15744886844881, -15.883671203626276, -35.025473109112234, 64.16430868894477 
-11.577294303917666, -58.64152482418544, 60.161681196364725, -15.47722714363209, -35.31437824887811, 64.16099905903134 
-11.228409500054594, -58.176050874666934, 60.1659331328454, -15.073473633343411, -35.60712674818582, 64.1576343126875 
-10.875326114776195, -57.71245917895867, 60.1702027952359, -14.672454635610466, -35.90367920755853, 64.15421481975187 
-10.518175495396628, -57.25078896251311, 60.174488309979935, -14.274214667296382, -36.20399592271685, 64.15074098237625 
-10.157080409002454, -56.791079287008316, 60.17878781387159, -13.878798853279253, -36.50803689127509, 64.14721323567578 
-9.79215569398896, -56.33336907106306, 60.183099455284456, -13.486252982987674, -36.81576181893645, 64.14363204834945 
-9.423508855567768, -55.87769710901465, 60.18742139537672, -13.096623569581258, -37.127130125166524, 64.13999792326997 
-9.051240610843312, -55.424102087936284, 60.191751809271885, -12.709957911895351, -37.44210094832475, 64.13631139804191 
-8.675445388429926, -54.97262260305097, 60.196088887213385, -12.326304159278317, -37.76063315023204, 64.13257304552766 
-8.296211787031565, -54.523297171680575, 60.20043083569231, -11.94571137945862, -38.082685320153104, 64.12878347433961 
-7.9136229969244924, -54.07616424585266, 60.20477587854764, -11.568229629589382, -38.40821577817043, 64.12494332929795 
-7.527757187858957, -53.631262223674675, 60.20912225803729, -11.193910030628562, -38.73718257792644, 64.12105329185341 
-7.138687866522328, -53.188629459571594, 60.21346823588001, -10.822804845224326, -39.06954350870981, 64.11711408047425 
-6.7464842063765404, -52.74830427347356, 60.21781209426644, -10.454967559287958, -39.40525609685962, 64.11312645099564 
-6.351211352390974, -52.31032495902964, 60.22215213683899, -10.090452967449119, -39.74427760646155, 64.10909119693238 
-5.952930702934044, -51.874729790916234, 60.22648668963981, -9.72931726260328, -40.08656503930729, 64.105009149753 
-5.551700170857395, -51.441557031300285, 60.230814102025676, -9.371618129775596, -40.432075134088244, 64.10088117911488 
-5.147574425603817, -51.01084493551178, 60.23513274754964, -9.017414844542301, -40.780764364791885, 64.09670819306007 
-4.740605117988388, -50.58263175697353, 60.23944102480837, -8.666768376267793, -41.13258893826827, 64.09249113817097 
-4.330841089141885, -50.15695575143137, 60.24373735825487, -8.319741496434748, -41.487504790931226, 64.0882309996853 
-3.9183285649607846, -49.733855180523015, 60.24802019897583, -7.976398892364183, -41.845467584557476, 64.08392880157012 
-3.503111337280708, -49.31336831471999, 60.252288025433046, -7.636807286644582, -42.20643270114375, 64.07958560655413 
-3.0852309328740644, -48.89553343567325, 60.25653934416861, -7.301035562612002, -42.57035523677974, 64.07520251611813 
-2.664726771270374, -48.480388837989544, 60.26077269047335, -6.969154896248011, -42.937189994491696, 64.07078067044296 
-2.241636312305052, -48.06797283046339, 60.26498662901798, -6.641238894889536, -43.30689147600811, 64.06632124831488 
-1.8159951942190504, -47.658323736786045, 60.26917975444689, -6.317363743172801, -43.67941387239569, 64.06182546698827 
-1.3878373630576983, -47.251479895751395, 60.27335069193388, -5.997608356665278, -44.05471105350968, 64.0572945820045 
-0.9571951940488806, -46.84747966097573, 60.27749809769988, -5.68205454367213, -44.432736556198705, 64.05272988696807 
-0.5240996055809111, -46.446361400147545, 60.28162065949244, -5.370787175740195, -44.813443571199336, 64.04813271327887 
-0.08858016634477367, -46.0481634938208, 60.285717097026485, -5.063894367420426, -45.19678492865104, 64.0435044298209 
0.3493348038434708, -45.6529243337647, 60.28978616238646, -4.761467665891893, -45.582713082156104, 64.03884644260734 
0.7896181390697713, -45.26068232088072, 60.29382664038983, -4.463602251094569, -45.97118009130373, 64.03416019438208 
1.2322437377684285, -44.871475862697345, 60.297837348911415, -4.1703971470667, -46.36213760257053, 64.02944716417711 
1.6771864781948342, -44.48534337045146, 60.301817139169266, -3.8819554452342713, -46.75553682850264, 64.0247088668269 
2.1244221385650977, -44.102323255764624, 60.30576489597145, -3.5983845404557075, -47.151328525077204, 64.01994685243903 
2.5739273215332426, -43.72245392692177, 60.30967953792406, -3.319796380685691, -47.549462967131554, 64.01516270582157 
3.025679382705042, -43.345773784758855, 60.31356001760073, -3.0463077311861357, -47.949889921740436, 64.01035804586748 
3.479656362912081, -42.97232121816615, 60.31740532167347, -2.7780404542829036, -48.35255861941024, 64.00553452489618 
3.9358369239934694, -42.60213459921246, 60.32121447100532, -2.515121805741497, -48.75741772294894, 64.00069382795255 
4.394200287852981, -42.235252277895846, 60.32498652070491, -2.2576847489166294, -49.16441529385776, 63.995837672064056 
4.85472617857935, -41.871712576525816, 60.328720560143, -2.0058682879174143, -49.5734987560778, 63.990967805456 
5.317394767434388, -41.511553783741775, 60.33241571293181, -1.7598178211243027, -49.98461485690992, 63.98608600672546 
5.78218662053049, -41.15481414817214, 60.336071136867076, -1.5196855164950256, -50.39770962491084, 63.98119408397465 
6.2490826490330855, -40.80153187173879, 60.33968602383334, -1.2856307102056659, -50.81272832455028, 63.97629387390393 
6.718064061737919, -40.45174510261094, 60.34325959967292, -1.057820330290228, -51.229615407396004, 63.971387240865305 
7.189112319885082, -40.105491927812764, 60.34679112401907, -0.8364293470677887, -51.64831445957191, 63.96647607587703 
7.662209094083217, -39.76281036548939, 60.35027989009382, -0.6216412522817162, -52.068768145211955, 63.96156229559962 
8.137336223228203, -39.423738356835145, 60.353725224470985, -0.41364856902010944, -52.49091814560802, 63.95664784127465 
8.61447567530976, -39.08831375768891, 60.35712648680493, -0.21265339464208277, -52.91470509372163, 63.95173467762668 
9.093609510009035, -38.75657432980105, 60.360483069525806, -0.018867979100647376, -53.340068503700635, 63.9468247917293 
9.574719842997823, -38.42855773177676, 60.36379439750201, 0.16748465876973492, -53.766946695007874, 63.94192019183595 
10.057788811858334, -38.1043015097007, 60.36705992767001, 0.3461700742437344, -54.19527671073389, 63.93702290617669 
10.542798543548646, -37.78384308744833, 60.37027914863312, 0.5169416960156734, -54.62499422962539, 63.93213498172197 
11.02973112334639, -37.46721975668945, 60.373451580229165, 0.679540078658796, -55.0560334713183, 63.9272584829139 
11.518568565208263, -37.15446866658958, 60.376576773068514, 0.8336921048368907, -55.4883270942163, 63.92239549036657 
12.009292783489055, -36.845626813215596, 60.37965430804267, 0.9791101336352542, -55.92180608540401, 63.917548099536496 
12.501885565968932, -36.540731028651834, 60.38268379580489, 1.115491091130172, -56.35639964192609, 63.91271841936382 
12.996328548141967, -36.23981796983389, 60.38566487622334, 1.2425154990580456, -56.792035042701194, 63.90790857088615 
13.492603188723875, -35.94292410710697, 60.38859721780762, 1.3598464371796066, -57.228637510270794, 63.903120685825655 
13.990690746340121, -35.650085712516855, 60.39148051711014, 1.4671284346620723, -57.66613006150688, 63.89835690515109 
14.490572257360212, -35.36133884784134, 60.394314498102645, 1.563986285527447, -58.104433346320825, 63.8936193776158 
14.992228514846175, -35.07671935237082, 60.397098911529504, 1.6500237829414555, -58.54346547332396, 63.888910258273214 
15.495640048587507, -34.79626283044702, 60.39983353423831, 1.7248223668516807, -58.98314182129245, 63.88423170697109 
16.000787106196665, -34.52000463876939, 60.40251816848924, 1.7879396792317501, -59.42337483518029, 63.87958588682585 
16.507649635242625, -34.24797987347906, 60.40515264124383, 1.8389080209613826, -59.86407380530633, 63.87497496267876 
17.016207266401697, -33.980223357030866, 60.40773680343494, 1.8772327041816184, -60.30514462821301, 63.87040109953513 
17.526439297607368, -33.71676962486445, 60.41027052921819, 1.9023902938264452, -60.74648954755437, 63.86586646098808 
18.03832467918281, -33.457652911885816, 60.41275371520663, 1.913826731965827, -61.188006873220054, 63.86137320762874 
18.55184199994115, -33.20290713877131, 60.41518627968971, 1.9109553386261382, -61.62959067673801, 63.85692349544395 
19.066969474240686, -32.95256589810649, 60.41756816183752, 1.8931546829122885, -62.07113046082294, 63.8525194742034 
19.583684929982883, -32.706662440372845, 60.4198993208917, 1.8597663185809898, -62.51251080074844, 63.84816328583782 
20.10196579754322, -32.46522965979587, 60.42217973534419, 1.8100923787531398, -62.95361095502036, 63.843857062809946 
20.621789099624714, -32.22830008006829, 60.424409402104985, 1.7433930252654684, -63.39430444261595, 63.83960292647953 
21.14313144202634, -31.995905839963008, 60.42658833566032, 1.658883749318143, -63.834458583830575, 63.835402985464434 
21.665969005317873, -31.768078678850706, 60.4287165672223, 1.5557325216663664, -64.27393400154315, 63.83125933399986 
22.190277537414538, -31.544849922137097, 60.43079414387142, 1.433056792737223, -64.71258407947508, 63.82717405029647 
22.71603234704455, -31.32625046663621, 60.432821127693195, 1.289920345860133, -65.15025437378166, 63.82314919490034 
23.24320829810328, -31.112310765895423, 60.43479759491023, 1.1253300104401134, -65.58678197408548, 63.819186809055324 
23.77177980488824, -30.903060815489177, 60.436723635011035, 0.9382322465688301, -66.02199480984541, 63.81528891307073 
24.30172082820868, -30.69853013829831, 60.438599349876476, 0.7275096184903119, -66.45571089776807, 63.81145750469531 
24.833004872364345, -30.498747769792384, 60.44042485290605, 0.4919771817891376, -66.88773752582227, 63.80769455749949 
25.36560498298716, -30.303742243332813, 60.44220026814422, 0.23037881847434233, -67.31787036933468, 63.804002019268076 
25.8994937457398, -30.113541575514866, 60.44392572940905, -0.058616434329187075, -67.74589253465065, 63.80038181040473 
26.43464328586512, -29.92817325156688, 60.4456013794236, -0.37641800215706617, -68.17157352597408, 63.79683582235011 
26.971025268579265, -29.747664210825178, 60.44722736895216, -0.7245172601326078, -68.59466813129275, 63.79336591601572 
27.508610900301594, -29.572040832303788, 60.44880385594167, -1.1044907905900936, -69.01491522380955, 63.78997392023507 
28.047370930713818, -29.401328920377757, 60.45033100467088, -1.5180032874278755, -69.43203647609687, 63.78666163023392 
28.58727565563977, -29.235553690599467, 60.45180898490703, -1.9668099526723226, -69.84573498535617, 63.78343080612141 
29.128294920737407, -29.07473975566705, 60.45323797107253, -2.452758194452145, -70.25569380979684, 63.780283171403795 
29.670398125992854, -28.91891111156444, 60.454618141422266, -2.977788392913564, -70.66157441836529, 63.77722041152285 
30.213554231006523, -28.768091123892606, 60.455949677232624, -3.5439334509903535, -71.06301505900409, 63.77424417241982 
30.75773176105964, -28.6223025144112, 60.45723276200403, -4.153316790018033, -71.45962905446136, 63.77135605912803 
31.30289881394965, -28.48156734781008, 60.45846758067771, -4.808148385943592, -71.85100303959746, 63.76855763439399 
31.849023067580582, -28.34590701873023, 60.45965431886787, -5.5107183708773935, -72.23669516035092, 63.76585041733056 
32.39607178829523, -28.21534223905307, 60.46079316211076, -6.263387648352688, -72.61623326225677, 63.763235882102336 
32.944011839933346, -28.08989302547725, 60.4618842951313, -7.068574891475096, -72.98911310587133, 63.76071545664564 
33.49280969360053, -27.969578687401842, 60.46292790112874, -7.92873921538367, -73.35479665785367, 63.758290521424264 
34.042431438130016, -27.8544178151343, 60.4639241610822, -8.8463577454884, -73.71271051992582, 63.75596240822296 
34.5928427912198, -27.744428268441663, 60.46487325307723, -9.82389724994322, -74.06224457352877, 63.75373239897951 
35.14400911122546, -27.639627165462713, 60.46577535165424, -10.863778981224847, -74.40275093559099, 63.7516017246574 
35.69589540958853, -27.540030871998784, 60.46663062718008, -11.968335893796368, -74.73354334006407, 63.749571564160235 
36.248466363879366, -27.445654991200055, 60.46743924524352, -13.139761492907013, -75.05389708004788, 63.747643043289195 
36.80168633143141, -27.35651435366411, 60.46820136607529, -14.380049747514816, -75.36304966524987, 63.745817233744944 
37.355519363544076, -27.27262300796271, 60.46891714399406, -15.69092579443503, -75.66020236745499, 63.74409515217533 
37.90992922022906, -27.1939942116123, 60.469586726879, -17.073767597315904, -75.94452284019043, 63.742477759269754 
38.46487938547548, -27.120640422502998, 60.470210255669265, -18.529519324849534, -76.21514900471223, 63.74096595890172 
39.020333083006136, -27.052573290800428, 60.47078786389199, -20.05859798920516, -76.47119438898892, 63.739560597320455 
39.57625329249857, -26.98980365133378, 60.47131967721882, -21.660795830997493, -76.71175508523297, 63.73826246239246 
40.132602766241824, -26.932341516482925, 60.4718058130519, -23.335182016287636, -76.9359184504, 63.737072282894594 
40.6893440461998, -26.880196069576517, 60.47224638014004, -25.080008352349665, -77.1427736092513, 63.73599072785863 
41.24643948145167, -26.83337565881241, 60.472641478225356, -26.892624817234974, -77.33142372894054, 63.735018405968965 
41.80385124597759, -26.79188779171053, 60.472991197721306, -28.769411575489862, -77.50099991823436, 63.734155865013975 
42.36154135675909, -26.755739130107987, 60.47329561942222, -30.705734628119284, -77.65067646784036, 63.73340359139136 
42.91947169216114, -26.7249354857047, 60.47355481424501, -32.695932119596286, -77.77968700002558, 63.732762009668754 
43.477604010563894, -26.69948181616753, 60.47376884300339, -34.733337427629735, -77.88734094978928, 63.732231482199744 
44.035899969210064, -26.679382221799337, 60.4739377562149, -36.810343397345825, -77.9730396743853, 63.731812308795696 
44.59432114323444, -26.664639942779047, 60.47406159394119, -38.91850947764611, -78.036291403028, 63.73150472645441 
45.1528290448416, -26.655257356977277, 60.47414038566133, -41.04871025529486, -78.07672421289946, 63.731308909145184 
45.711385142596754, -26.65123597835151, 60.47417415017918, -43.191320300106504, -78.09409626459052, 63.731224967651116 
46.269950880795555, -26.652576455923366, 60.47416289556415, -45.33642679010761, -78.08830265432476, 63.731252949468605 
46.82848769887755, -26.659278573340128, 60.47410661912571, -47.47405857911774, -78.05937843477513, 63.731392838764364 
47.38695705084846, -26.67134124902087, 60.47400530742197, -49.594418643123454, -78.00749760241179, 63.731644556389625 
47.945320424676, -26.688762536887292, 60.47385893630196, -51.688106481366404, -77.93296811941997, 63.73200795995205 
48.50353936162478, -26.71153962767771, 60.47366747098155, -53.74631811399248, -77.83622330020759, 63.7324828439448 
49.06157547549482, -26.739668850842115, 60.47343086615331, -55.76101363191321, -77.71781011579944, 63.73306893993293 
49.619390471729425, -26.773145677014842, 60.473149066129544, -57.72504544140161, -77.57837513037467, 63.73376591679638 
50.176946166357894, -26.81196472106067, 60.47282200501874, -59.63224392134581, -77.41864886994256, 63.73457338103013 
50.734204504739395, -26.85611974568904, 60.47244960693504, -61.477460684405024, -77.23942943259941, 63.735490877099984 
51.29112758007383, -26.90560366563003, 60.47203178624021, -63.25657259923583, -77.04156609236266, 63.73651788785451 
51.847677651647224, -26.960408552365017, 60.47156844781819, -64.96645192750253, -76.82594354084912, 63.73765383499215 
52.40381716277878, -27.020525639403886, 60.471059487381346, -66.60490925470123, -76.59346727292369, 63.738898079582796 
52.95950875843776, -27.08594532809951, 60.47050479180803, -68.17061638723797, -76.34505047329911, 63.74024992264359 
53.51471530249922, -27.156657193989904, 60.469904239511486, -69.66301618882095, -76.08160261715118, 63.74170860576759 
54.069399894607834, -27.232649993657077, 60.46925770083878, -71.08222562758868, -75.8040198707368, 63.743273311805396 
54.62352588662033, -27.31391167209097, 60.46856503849948, -72.4289373004066, -75.51317727446998, 63.74494316559765 
55.17705689859758, -27.40042937054616, 60.4678261080236, -73.70432356882552, -75.20992261330474, 63.74671723475879 
55.72995683431888, -27.492189434878146, 60.46704075824805, -74.90994631940363, -74.89507182668342, 63.74859453050995 
56.282189896290724, -27.589177424345504, 60.466208831830386, -76.04767434236201, -74.56940577970177, 63.75057400856074 
56.833720600224616, -27.691378120863067, 60.46533016579008, -77.1196094592002, -74.2336682044053, 63.75265457003829 
57.384513788958664, -27.79877553869124, 60.464404592075255, -78.12802184169097, -73.8885646208905, 63.754835062462675 
57.934534645798955, -27.911352934545643, 60.46343193815512, -79.0752944482741, -73.53476205804799, 63.757114280767276 
58.483748707257945, -28.029092818110634, 60.46241202763676, -79.96387614169345, -73.17288940985324, 63.759490968363124 
59.03212187516767, -28.151976962940026, 60.46134468090494, -80.79624281905143, -72.80353828229622, 63.76196381824548 
59.57962042814721, -28.279986417727567, 60.46022971578501, -81.57486575563333, -72.42726420626653, 63.76453147414164 
60.12621103240435, -28.41310151792968, 60.459066948226784, -82.30218631154034, -72.0445881115283, 63.76719253169829 
60.67186075185332, -28.551301897722126, 60.457856193009164, -82.9805961531946, -71.65599797540244, 63.76994553970727 
61.216537057530275, -28.694566502272398, 60.45659726446415, -83.61242218186383, -71.26195057639947, 63.77278900136758 
61.760207836290434, -28.84287360030901, 60.45528997721908, -84.19991542417463, -70.86287329758207, 63.77572137558308 
62.30284139877121, -28.996200796968772, 60.453934146956115, -84.74524321439574, -70.45916593685789, 63.77874107829363 
62.84440648660674, -29.15452504690303, 60.45252959118804, -85.25048407739693, -70.05120249180843, 63.78184648383763 
63.384872278880515, -29.31782266762341, 60.45107613004867, -85.71762479938253, -69.63933289523013, 63.78503592634588 
63.92420839780302, -29.486069353067855, 60.44957358709726, -86.14855924743148, -69.22388468450777, 63.78830770116321 
64.46238491360334, -29.65924018736748, 60.44802179013545, -86.54508856660996, -68.80516459348476, 63.791660066297595 
64.99937234862327, -29.837309658794616, 60.44642057203539, -86.90892244403253, -68.38346005985349, 63.79509124389439 
65.53514168060444, -30.020251673873023, 60.44476977157835, -87.24168118249115, -67.95904064446104, 63.79859942173402 
66.06966434515888, -30.208039571630383, 60.443069234301774, -87.54489837235393, -67.53215936148975, 63.802182754751534 
66.60291223741446, -30.40064613797422, 60.44131881335437, -87.82002398983242, -67.1030539203797, 63.80583936657601 
67.13485771282735, -30.59804362017194, 60.439518370357334, -88.06842778304795, -66.67194788174528, 63.80956735108861 
67.66547358715425, -30.800203741416063, 60.437667776270544, -88.2914028352744, -66.239051730507, 63.81336477399646 
68.19473313557704, -31.007097715456005, 60.435766912262935, -88.49016921797717, -65.80456387010699, 63.81722967442168 
68.72261009097384, -31.218696261277746, 60.43381567058508, -88.6658776654598, -65.36867154207081, 63.821160066503126 
69.24907864132987, -31.43496961781334, 60.431813955443054, -88.81961321866335, -64.93155167538518, 63.825153941008914 
69.77411342628234, -31.65588755866228, 60.429761683872286, -88.95239879848198, -64.49337167022333, 63.82920926695886 
70.29768953279363, -31.881419406807144, 60.4276587866099, -89.06519867932796, -64.0542901205075, 63.83332399325352 
70.81978248994643, -32.11153404930631, 60.4255052089647, -89.15892184201408, -63.6144574796822, 63.83749605030968 
71.34036826285553, -32.34619995194687, 60.42330091168281, -89.23442519167054, -63.17401667390146, 63.84172335169919 
71.85942324568944, -32.58538517384137, 60.42104587180826, -89.29251663167575, -62.733103666631536, 63.84600379579039 
72.37692425379636, -32.82905738195226, 60.418740083537195, -89.33395798870778, -62.29184797844558, 63.85033526738933 
72.89284851492643, -33.07718386552862, 60.416383559063924, -89.3594677872248, -61.85037316555443, 63.85471563938023 
73.40717365954391, -33.32973155043981, 60.41397632941835, -89.36972387413586, -61.408797260379544, 63.85914277436228 
73.91987771022042, -33.586667013391704, 60.4115184452926, -89.36536589626948, -60.96723317724117, 63.86361452628202 
74.43093907010054, -33.847956496010845, 60.40900997785666, -89.34699763461049, -60.5257890860073, 63.86812874205898 
74.94033651042992, -34.11356591878346, 60.40645101956066, -89.31518920024898, -60.08456875633069, 63.87268326320322 
75.4480491571345, -34.38346089483554, 60.40384168492355, -89.27047909765304, -59.64367187489528, 63.87727592742313 
75.95405647643878, -34.65760674354161, 60.401182111306554, -89.21337616130165, -59.203194337897486, 63.88190457022145 
76.45833825950855, -34.935968503949844, 60.39847245966993, -89.14436137195122, -58.76322852080606, 63.88656702647885 
76.96087460610389, -35.218510948011975, 60.395712915312785, -89.06388955889858, -58.32386352727422, 63.89126113202244 
77.46164590722341, -35.50519859360657, 60.392903688593535, -88.9723909945833, -57.885185418920535, 63.89598472517819 
77.96063282672169, -35.79599571734517, 60.39004501563119, -88.87027288776623, -57.447277427549395, 63.90073564830609 
78.45781628187738, -36.0908663671509, 60.38713715898546, -88.75792078135575, -57.01022015124796, 63.905511749315785 
78.95317742288836, -36.38977437460003, 60.3841804083148, -88.6356998607415, -56.57409173567329, 63.91031088316202 
79.4466976112668, -36.69268336701702, 60.381175081011804, -88.50395617825566, -56.13896804173068, 63.91513091331808 
79.93835839710448, -36.99955677931435, 60.37812152281435, -88.36301779912166, -55.70492280074008, 63.919969713225846 
80.42814149517532, -37.31035786556894, 60.37502010839167, -88.21319587397915, -55.272027758093294, 63.92482516772153 
80.91602875983853, -37.62504971032681, 60.37187124190467, -88.05478564279986, -54.84035280631826, 63.92969517443516 
81.40200215870202, -37.94359523962928, 60.368675357539296, -87.88806737473445, -54.409966108386655, 63.934577645163394 
81.88604374500181, -38.265957231752694, 60.36543292001179, -87.71330724816133, -53.98093421203063, 63.93947050721375 
82.36813562864795, -38.59209832765587, 60.362144425045706, -87.53075817494596, -53.55332215576704, 63.94437170471943 
82.84825994588343, -38.92198104112825, 60.35881039981902, -87.3406605726664, -53.12719356726866, 63.9492791999236 
83.32639882749703, -39.255567768633306, 60.35543140338106, -87.14324308831809, -52.702610754666544, 63.95419097443203 
83.80253436552474, -39.59282079884114, 60.352008027038316, -86.93872327678066, -52.27963479131843, 63.95910503043286 
84.27664857836892, -39.93370232184515, 60.34854089470839, -86.72730823710938, -51.85832559453206, 63.96401939188309 
84.74872337425745, -40.278174438057526, 60.345030663241126, -86.50919520950782, -51.4387419986913, 63.96893210566016 
85.21874051295737, -40.62619916677865, 60.34147802270687, -86.28457213564285, -51.02094182319503, 63.97384124267796 
85.68668156565023, -40.9777384544359, 60.33788369665049, -86.05361818477972, -50.604981935584334, 63.978744898966795 
86.15252787286752, -41.33275418248707, 60.33424844231116, -85.81650424804384, -50.19091831020215, 63.98364119671599 
86.61626050037479, -41.69120817498416, 60.33057305080679, -85.57339340295454, -49.778806082701124, 63.988528285278576 
87.07786019288378, -42.05306220579302, 60.32685834728314, -85.32444135022662, -49.368699600688934, 63.99340434213737 
87.53730732546045, -42.41827800546486, 60.323105191026684, -85.06979682469503, -48.960652470776594, 63.99826757383187 
87.99458185248446, -42.786817267754984, 60.31931447554096, -84.8096019820881, -48.55471760227393, 64.00311621684513 
88.44966325400344, -43.15864165578454, 60.31548712858604, -84.54399276325252, -48.15094724775587, 64.00794853845004 
88.90253047931044, -43.53371280784076, 60.31162411218057, -84.27309923732145, -47.74939304070557, 64.01276283751493 
89.35316188755817, -43.9119923428112, 60.30772642256618, -83.99704592521076, -47.35010603042344, 64.01755744526743 
89.80153518520616, -44.29344186524681, 60.303795090134, -83.71595210473218, -46.95313671437637, 64.02233072601632 
90.24762736007891, -44.67802297004894, 60.29983117931294, -83.42993209852027, -46.558535068147215, 64.02708107783154 
90.69141461179277, -45.06569724677465, 60.29583578841952, -83.13909554588693, -46.16635057313205, 64.03180693318092 
91.13287227828755, -45.45642628355416, 60.29181004946912, -82.84354765963862, -45.77663224212143, 64.03650675952461 
91.57197475817428, -45.850171670614486, 60.28775512794857, -82.54338946881853, -45.38942864289038, 64.0411790598659 
92.00869542858435, -46.24689500340148, 60.28367222254985, -82.23871804826977, -45.004787919913504, 64.04582237325883 
