# utc [-], et [s], MEX2TGO [km], midpoint_x [km], midpoint_y [km],midpoint_z [km], midpoint_lon [deg], midpoint_lat [deg], midpoint2MEX[km], midpoint2TGO [km] 
2025 OCT 07 05:02:15, 813085404.1823438, 3778.092859731448, 2332.296735644679, 467.7354386325931, -2409.7212471606963, 11.340072357710834, -45.370746677545895, 1772.2008874573169, 1772.18610471014, 
2025 OCT 07 05:02:16, 813085405.1844316, 3778.0684018207567, 2332.428190546229, 468.670179040893, -2409.416000389703, 11.361522157666268, -45.36335057113534, 1768.8771322214448, 1768.8540060831745, 
2025 OCT 07 05:02:17, 813085406.1865193, 3778.0439458081087, 2332.559433276865, 469.6038283250839, -2409.1107626417634, 11.38294156445886, -45.3559556670075, 1765.5530209113074, 1765.522148790755, 
2025 OCT 07 05:02:18, 813085407.1886069, 3778.019493421508, 2332.6904644505835, 470.53639149405376, -2408.8055336538723, 11.404330710808688, -45.34856195819374, 1762.2285602759732, 1762.190535691173, 
2025 OCT 07 05:02:19, 813085408.1906946, 3777.9950462642064, 2332.8212846671463, 471.4678738633203, -2408.5003131078906, 11.42568973662761, -45.341169436394026, 1758.903755863913, 1758.8591684402484, 
2025 OCT 07 05:02:20, 813085409.1927823, 3777.97060114451, 2332.9518953917836, 472.3982741661778, -2408.1951011232086, 11.447018622287885, -45.33377810390785, 1755.5786134334144, 1755.5280489041522, 
2025 OCT 07 05:02:21, 813085410.19487, 3777.9461596773895, 2333.082296878677, 473.3275984822262, -2407.889897551914, 11.468317527218414, -45.326387956561675, 1752.2531395228095, 1752.1971797717301, 
2025 OCT 07 05:02:22, 813085411.1969576, 3777.921723509766, 2333.2124905955975, 474.25584877716744, -2407.5847018737677, 11.48958650789499, -45.318998981170715, 1748.9273405308795, 1748.8665634228678, 
2025 OCT 07 05:02:23, 813085412.1990453, 3777.8972894484873, 2333.342476865043, 475.1830280257389, -2407.279514463707, 11.51082565000288, -45.311611186225804, 1745.6012216170918, 1745.5362012846508, 
2025 OCT 07 05:02:24, 813085413.201133, 3777.872859070727, 2333.4722570847657, 476.1091382363796, -2406.974334849506, 11.532035011215173, -45.30422455970985, 1742.2747892184314, 1742.2060957787498, 
2025 OCT 07 05:02:25, 813085414.2032207, 3777.8484341154913, 2333.6018315737847, 477.0341854440758, -2406.6691627988384, 11.553214749219803, -45.296839095417795, 1738.9480499745403, 1738.8762496905695, 
2025 OCT 07 05:02:26, 813085415.2053083, 3777.824011290039, 2333.7312014083727, 477.9581692863184, -2406.363998598567, 11.574364867185416, -45.28945479971037, 1735.621009893063, 1735.5466651607849, 
2025 OCT 07 05:02:27, 813085416.207396, 3777.7995922865357, 2333.8603675352015, 478.881093999922, -2406.0588417541485, 11.595485477235801, -45.282071660040614, 1732.2936745575623, 1732.2173438373882, 
2025 OCT 07 05:02:28, 813085417.2094837, 3777.7751787081143, 2333.989330995897, 479.8029625997965, -2405.7536919125214, 11.616576662148146, -45.27468966729075, 1728.9660506074947, 1728.8882883981491, 
2025 OCT 07 05:02:29, 813085418.2115715, 3777.7507673842397, 2334.1180921102664, 480.72377776226034, -2405.448549473294, 11.637638500140667, -45.26730883055251, 1725.638144188564, 1725.5595012120973, 
2025 OCT 07 05:02:30, 813085419.213659, 3777.7263598803233, 2334.2466519398818, 481.6435423780891, -2405.1434140768447, 11.65867107082049, -45.259929140552245, 1722.3099619859154, 1722.2309849973883, 
2025 OCT 07 05:02:31, 813085420.2157468, 3777.7019562857504, 2334.3750113936176, 482.56225961882103, -2404.8382854481706, 11.679674461061815, -45.25255059006746, 1718.9815094604687, 1718.9027413079314, 
2025 OCT 07 05:02:32, 813085421.2178345, 3777.6775582509044, 2334.503171256747, 483.4799333378516, -2404.533163288839, 11.700648774302616, -45.2451731713132, 1715.6527935528488, 1715.5747731547167, 
2025 OCT 07 05:02:33, 813085422.2199222, 3777.6531625390603, 2334.631132351882, 484.39656427493327, -2404.2280478770285, 11.721594040443867, -45.23779689044759, 1712.323820146449, 1712.2470825587402, 
2025 OCT 07 05:02:34, 813085423.2220098, 3777.628770737409, 2334.7588954676157, 485.31215635089876, -2403.922938886355, 11.74251036434921, -45.230421739013146, 1708.9945961615358, 1708.9196725048128, 
2025 OCT 07 05:02:35, 813085424.2240975, 3777.6043845738004, 2334.886461176207, 486.22671462395067, -2403.6178359631263, 11.763397878595848, -45.22304770789694, 1705.665127582546, 1705.5925450700304, 
2025 OCT 07 05:02:36, 813085425.2261852, 3777.580000737236, 2335.013830849383, 487.14023782299637, -2403.3127392445967, 11.784256562899513, -45.215674799854405, 1702.3354204106909, 1702.2657023280392, 
2025 OCT 07 05:02:37, 813085426.2282729, 3777.555620993656, 2335.1410049915908, 488.05273084277286, -2403.007648463653, 11.805086546178629, -45.20830300786969, 1699.0054814604193, 1698.9391471803267, 
2025 OCT 07 05:02:38, 813085427.2303605, 3777.5312469225846, 2335.267984396086, 488.96419753005614, -2402.702563277586, 11.825887931192696, -45.20093232310463, 1695.6753177581143, 1695.6128827208338, 
2025 OCT 07 05:02:39, 813085428.2324482, 3777.506875285412, 2335.394769615378, 489.874639771558, -2402.3974839625002, 11.846660775732563, -45.19356275167306, 1692.34493473937, 1692.2869105060206, 
2025 OCT 07 05:02:40, 813085429.2345359, 3777.4825077471924, 2335.521361989913, 490.7840594299507, -2402.092410038099, 11.867405133085153, -45.18619428141757, 1689.0143391462366, 1688.9612333014286, 
2025 OCT 07 05:02:41, 813085430.2366236, 3777.4581459244487, 2335.6477617238343, 491.6924623640278, -2401.7873413029956, 11.888121155952094, -45.1788269069225, 1685.683538032083, 1685.6358542584103, 
2025 OCT 07 05:02:42, 813085431.2387112, 3777.4337866828905, 2335.773970175807, 492.5998472706917, -2401.482277887649, 11.9088088230038, -45.17146063078765, 1682.3525375859645, 1682.31077561841, 
2025 OCT 07 05:02:43, 813085432.240799, 3777.409431531975, 2335.8999875929417, 493.5062201054277, -2401.177219517245, 11.92946828884612, -45.16409544582746, 1679.0213441090955, 1678.985999769101, 
2025 OCT 07 05:02:44, 813085433.2428867, 3777.385082248071, 2336.025815273114, 494.41158274181464, -2400.8721657269098, 11.950099606921372, -45.156731340272636, 1675.6899644679706, 1675.6615296120074, 
2025 OCT 07 05:02:45, 813085434.2449744, 3777.360735499419, 2336.1514534622006, 495.31593781855867, -2400.5671169029038, 11.970702853793, -45.14936832290272, 1672.3584052197464, 1672.3373677896377, 
2025 OCT 07 05:02:46, 813085435.247062, 3777.3363930427436, 2336.276903173807, 496.21928812735604, -2400.2620726566506, 11.99127810573415, -45.14200638379416, 1669.026673437105, 1669.0135174152304, 
2025 OCT 07 05:02:47, 813085436.2491497, 3777.3120548295938, 2336.402165483466, 497.1216356816892, -2399.9570326934463, 12.011825420370403, -45.13464551529383, 1665.6947747875884, 1665.689980203981, 
2025 OCT 07 05:02:48, 813085437.2512374, 3777.287722500527, 2336.527240555981, 498.0229861780274, -2399.6519968349035, 12.03234494620159, -45.12728571255905, 1662.3627169615356, 1662.3667599128512, 
2025 OCT 07 05:02:49, 813085438.2533251, 3777.2633928508444, 2336.652129472728, 498.92333929347035, -2399.346965247611, 12.052836685865392, -45.11992697907162, 1659.0305061040178, 1659.043858714868, 
2025 OCT 07 05:02:50, 813085439.2554127, 3777.239067495727, 2336.7768329313626, 499.82269879488086, -2399.041937624535, 12.073300739791758, -45.11256930688803, 1655.6981495515518, 1655.721279990306, 
2025 OCT 07 05:02:51, 813085440.2575004, 3777.2147482062705, 2336.90135173744, 500.7210686732235, -2398.7369135013737, 12.093737213032224, -45.10521268427629, 1652.3656534917443, 1652.3990259777543, 
2025 OCT 07 05:02:52, 813085441.2595881, 3777.1904316359332, 2337.0256866054583, 501.61844951685833, -2398.4318931972257, 12.114146131252843, -45.09785711840123, 1649.0330247588147, 1649.0770995226176, 
2025 OCT 07 05:02:53, 813085442.2616758, 3777.166119400156, 2337.1498382875516, 502.5148450782983, -2398.126876337588, 12.13452759404356, -45.09050259970108, 1645.7002703540088, 1645.7555036638096, 
2025 OCT 07 05:02:54, 813085443.2637634, 3777.1418132890853, 2337.2738074734534, 503.41025914390565, -2397.821862593909, 12.154881702011055, -45.083149119727025, 1642.367397779627, 1642.4342419439356, 
2025 OCT 07 05:02:55, 813085444.2658511, 3777.1175099526613, 2337.39759498206, 504.3046924348613, -2397.5168521432356, 12.175208483225845, -45.075796682221686, 1639.0344127233984, 1639.1133160420927, 
2025 OCT 07 05:02:56, 813085445.2679389, 3777.0932110791587, 2337.521201482468, 505.1981487070867, -2397.211844672548, 12.19550803754802, -45.06844527911493, 1635.7013227210045, 1635.7927295226511, 
2025 OCT 07 05:02:57, 813085446.2700266, 3777.068918324807, 2337.6446276996185, 506.0906317002774, -2396.9068398113354, 12.215780464086157, -45.06109490095554, 1632.368134945301, 1632.4724855908876, 
2025 OCT 07 05:02:58, 813085447.2721142, 3777.0446284231357, 2337.767874059145, 506.98214301408376, -2396.6018379179604, 12.236025813284446, -45.05374555585922, 1629.034856562431, 1629.1525873647095, 
2025 OCT 07 05:02:59, 813085448.2742019, 3777.0203430816164, 2337.8909419080196, 507.87268450763725, -2396.296838404635, 12.256244136936104, -45.04639722914358, 1625.7014936242394, 1625.833036940645, 
2025 OCT 07 05:03:00, 813085449.2762896, 3776.9960639843516, 2338.013831631544, 508.76226088665095, -2395.991841009105, 12.276435558263177, -45.03904991397551, 1622.3680539592635, 1622.5138381598147, 
2025 OCT 07 05:03:01, 813085450.2783773, 3776.971787728704, 2338.1365436505685, 509.6508737240423, -2395.6868460851524, 12.296600126921499, -45.03170361836287, 1619.0345444862462, 1619.1949938617236, 
2025 OCT 07 05:03:02, 813085451.2804649, 3776.9475161390264, 2338.25907926379, 510.53852468722, -2395.381853116398, 12.316737890255125, -45.024358329354364, 1615.7009724967818, 1615.8765073784887, 
2025 OCT 07 05:03:03, 813085452.2825526, 3776.923250813706, 2338.381438574809, 511.42521969001626, -2395.0768618393186, 12.336849000950346, -45.017014040094026, 1612.367344969854, 1612.5583816708536, 
2025 OCT 07 05:03:04, 813085453.2846403, 3776.8989884845214, 2338.5036228791255, 512.3109572746745, -2394.7718723886583, 12.356933433135683, -45.00967075331815, 1609.033668656312, 1609.24061943521, 
2025 OCT 07 05:03:05, 813085454.286728, 3776.8747307887916, 2338.625632276675, 513.1957430473575, -2394.4668845576944, 12.376991332178397, -45.00232846354176, 1605.6999514229221, 1605.923224497968, 
2025 OCT 07 05:03:06, 813085455.2888156, 3776.8504794860787, 2338.747468031914, 514.0795787339936, -2394.1618978294046, 12.397022746678342, -44.99498715781415, 1602.3662006699058, 1602.6062003013883, 
2025 OCT 07 05:03:07, 813085456.2909033, 3776.826231223233, 2338.869130296349, 514.9624669797627, -2393.8569125617655, 12.417027752371466, -44.98764684424948, 1599.0324229301234, 1599.2895492170658, 
2025 OCT 07 05:03:08, 813085457.292991, 3776.801987720764, 2338.990620007704, 515.8444104831511, -2393.5519283372682, 12.437006422137035, -44.98030751229718, 1595.6986259174462, 1595.9732749675743, 
2025 OCT 07 05:03:09, 813085458.2950788, 3776.777748968442, 2339.1119378628186, 516.7254118144925, -2393.246944992943, 12.45695882702806, -44.9729691575365, 1592.364816979082, 1592.6573808420872, 
2025 OCT 07 05:03:10, 813085459.2971663, 3776.7535166809816, 2339.2330844977346, 517.6054746422525, -2392.941962184713, 12.476885063986893, -44.96563177119224, 1589.0310040898346, 1589.341870797739, 
2025 OCT 07 05:03:11, 813085460.2992541, 3776.7292875754297, 2339.3540609162374, 518.4845986494211, -2392.636980059909, 12.496785134925188, -44.958295356314174, 1585.697193281327, 1586.026746743879, 
2025 OCT 07 05:03:12, 813085461.3013418, 3776.7050632035557, 2339.4748672014834, 519.3627894071595, -2392.3319983915108, 12.516659183938105, -44.9509599069471, 1582.3633930507342, 1582.7120130787248, 
2025 OCT 07 05:03:13, 813085462.3034295, 3776.680845449266, 2339.595504316956, 520.2400495565194, -2392.027016722017, 12.536507282070792, -44.94362541159669, 1579.0296108652494, 1579.397673272184, 
2025 OCT 07 05:03:14, 813085463.3055171, 3776.656630861323, 2339.715972910097, 521.116379560267, -2391.722035363145, 12.556329451113632, -44.93629187726999, 1575.6958542739892, 1576.083730677534, 
2025 OCT 07 05:03:15, 813085464.3076048, 3776.632421168528, 2339.8362733661506, 521.9917842307289, -2391.41705394013, 12.576125815655677, -44.92895929446666, 1572.3621304924163, 1572.770188429461, 
2025 OCT 07 05:03:16, 813085465.3096925, 3776.6082181364586, 2339.9564068997665, 522.8662651687054, -2391.112071961761, 12.595896420966513, -44.92162765089233, 1569.0284472440624, 1569.457050278718, 
2025 OCT 07 05:03:17, 813085466.3117802, 3776.584018359985, 2340.076373905523, 523.7398238264034, -2390.807089758346, 12.615641313067723, -44.9142969540043, 1565.6948120216912, 1566.144319455157, 
2025 OCT 07 05:03:18, 813085467.3138678, 3776.55982352225, 2340.1961749867046, 524.6124637658156, -2390.5021069976074, 12.635360586037264, -44.90696719533289, 1562.3612331221566, 1562.8320001882319, 
2025 OCT 07 05:03:19, 813085468.3159555, 3776.5356353641446, 2340.315810819472, 525.484188790828, -2390.197123217677, 12.655054339127064, -44.89963836329916, 1559.0277176417721, 1559.520095515605, 
2025 OCT 07 05:03:20, 813085469.3180432, 3776.511450594679, 2340.4352817565396, 526.355000287759, -2389.8921387889964, 12.674722616860254, -44.89231046632694, 1555.6942736615288, 1556.2086092114937, 
2025 OCT 07 05:03:21, 813085470.320131, 3776.4872707642803, 2340.554588996295, 527.224899870124, -2389.587153210919, 12.694365464581605, -44.884983491910155, 1552.3609086334711, 1552.8975447326916, 
2025 OCT 07 05:03:22, 813085471.3222185, 3776.4630977763845, 2340.6737326068132, 528.0938929724269, -2389.2821662386127, 12.713983022514482, -44.87765743369384, 1549.027631530138, 1549.5869068753027, 
2025 OCT 07 05:03:23, 813085472.3243062, 3776.4389282000507, 2340.7927138066943, 528.9619784467976, -2388.977177944497, 12.733575271435463, -44.870332292945555, 1545.6944485663655, 1546.2766976606174, 
2025 OCT 07 05:03:24, 813085473.326394, 3776.4147636634566, 2340.9115326329766, 529.8291615970281, -2388.6721881314843, 12.753142348552275, -44.86300806446073, 1542.3613687314698, 1542.9669218687643, 
2025 OCT 07 05:03:25, 813085474.3284817, 3776.3906060089016, 2341.030190278151, 530.6954440744098, -2388.3671962765243, 12.772684299852015, -44.85568473521114, 1539.0283997093509, 1539.6575831888235, 
2025 OCT 07 05:03:26, 813085475.3305693, 3776.3664518564465, 2341.1486868195675, 531.5608281893407, -2388.062202788067, 12.79220119249139, -44.848362314537894, 1535.6955500447152, 1536.3486857205978, 
2025 OCT 07 05:03:27, 813085476.332657, 3776.342302801136, 2341.2670233959357, 532.4253158441875, -2387.75720713185, 12.8116930784734, -44.84104078914866, 1532.3628266731512, 1533.04023238845, 
2025 OCT 07 05:03:28, 813085477.3347447, 3776.318160707363, 2341.3852001044943, 533.2889123284631, -2387.4522090310293, 12.831160094052102, -44.83372015193638, 1529.0302387990723, 1529.732228160768, 
2025 OCT 07 05:03:29, 813085478.3368324, 3776.2940220558007, 2341.5032177990774, 534.1516171456655, -2387.1472087460925, 12.85060223678822, -44.82640040869241, 1525.697793933644, 1526.4246762245255, 
2025 OCT 07 05:03:30, 813085479.33892, 3776.269888749323, 2341.6210771186484, 535.0134337718723, -2386.8422058654996, 12.870019597752375, -44.81908154908025, 1522.3655008717135, 1523.1175812323402, 
2025 OCT 07 05:03:31, 813085480.3410077, 3776.2457624290737, 2341.738778639308, 535.8743659157346, -2386.5371999807503, 12.889412273675335, -44.81176356284179, 1519.0333672361014, 1519.810946662841, 
2025 OCT 07 05:03:32, 813085481.3430954, 3776.2216396409076, 2341.8563229959896, 536.7344139429962, -2386.2321913627593, 12.90878028318463, -44.80444645602234, 1515.7014012938364, 1516.5047763626083, 
2025 OCT 07 05:03:33, 813085482.3451831, 3776.197522222642, 2341.973711044714, 537.5935803891227, -2385.9271795833274, 12.92812369413095, -44.797130217895784, 1512.369611339139, 1513.1990745294092, 
2025 OCT 07 05:03:34, 813085483.3472707, 3776.173410138972, 2342.090942546238, 538.4518704987582, -2385.6221646676154, 12.947442643094847, -44.78981484861419, 1509.0380069354233, 1509.8938462459075, 
2025 OCT 07 05:03:35, 813085484.3493584, 3776.1493051386383, 2342.20801890368, 539.3092851360302, -2385.3171460174294, 12.966737156019574, -44.782500333382245, 1505.7065950758226, 1506.589094542149, 
2025 OCT 07 05:03:36, 813085485.3514462, 3776.1252037884606, 2342.324940480393, 540.1658255665617, -2385.012123951096, 12.986007273689115, -44.77518667938675, 1502.3753845302433, 1503.2848236397826, 
2025 OCT 07 05:03:37, 813085486.3535339, 3776.1011078404154, 2342.4417078220936, 541.0214953328751, -2384.7070980967246, 13.005253088750079, -44.767873877264485, 1499.0443839830248, 1499.981038017901, 
2025 OCT 07 05:03:38, 813085487.3556215, 3776.077019102381, 2342.5583215162596, 541.8762977165457, -2384.4020680941885, 13.024474687486569, -44.76056191793909, 1495.713602595609, 1496.6777426318029, 
2025 OCT 07 05:03:39, 813085488.3577092, 3776.052934095567, 2342.6747821488557, 542.7302334080699, -2384.0970341618413, 13.043672095971528, -44.75325080620327, 1492.3830478340942, 1493.3749404311427, 
2025 OCT 07 05:03:40, 813085489.3597969, 3776.028854570629, 2342.7910900546676, 543.5833066735902, -2383.7919959542573, 13.062845424583022, -44.745940533337155, 1489.0527291987419, 1490.072636598811, 
2025 OCT 07 05:03:41, 813085490.3618846, 3776.004782278869, 2342.907246296585, 544.435519132177, -2383.4869530090164, 13.08199471826811, -44.738631087822256, 1485.722655047919, 1486.770835420433, 
2025 OCT 07 05:03:42, 813085491.3639722, 3775.9807138045885, 2343.0232512164594, 545.2868719668132, -2383.181905659192, 13.101120015692445, -44.731322477204046, 1482.392834424132, 1483.4695412874119, 
2025 OCT 07 05:03:43, 813085492.3660599, 3775.9566508792423, 2343.1391050731386, 546.1373698869908, -2382.876853517242, 13.12022143773003, -44.724014691762356, 1479.063275850362, 1480.1687583792511, 
2025 OCT 07 05:03:44, 813085493.3681476, 3775.932595262709, 2343.2548089852385, 546.9870142160522, -2382.5717961203977, 13.13929902198965, -44.71670771998036, 1475.7339881901894, 1476.8684914633927, 
2025 OCT 07 05:03:45, 813085494.3702353, 3775.9085435366496, 2343.3703629915617, 547.8358072821295, -2382.266733823997, 13.158352835172757, -44.70940156993939, 1472.4049805769491, 1473.568744882855, 
2025 OCT 07 05:03:46, 813085495.3723229, 3775.8844973590885, 2343.485767869077, 548.6837515139443, -2381.9616662387243, 13.177382942263913, -44.70209623188592, 1469.0762622829586, 1470.2695236952054, 
2025 OCT 07 05:03:47, 813085496.3744106, 3775.8604586449896, 2343.6010245285356, 549.5308495145783, -2381.6565928007126, 13.19638941149613, -44.69479169189245, 1465.747841407454, 1466.97083180997, 
2025 OCT 07 05:03:48, 813085497.3764983, 3775.836423825308, 2343.7161329171363, 550.3771034920081, -2381.35151396849, 13.215372307118605, -44.68748796051373, 1462.4197276837372, 1463.672674094744, 
2025 OCT 07 05:03:49, 813085498.378586, 3775.8123947718004, 2343.831093870112, 551.2225159050648, -2381.046429275524, 13.234331694315843, -44.68018502615709, 1459.09193013172, 1460.375055340927, 
2025 OCT 07 05:03:50, 813085499.3806736, 3775.788373098108, 2343.9459081732243, 552.0670891359806, -2380.74133831621, 13.253267636700965, -44.67288287869407, 1455.7644581944328, 1457.077980751288, 
2025 OCT 07 05:03:51, 813085500.3827614, 3775.7643554631777, 2344.0605758946317, 552.9108255778784, -2380.4362413761837, 13.272180201994173, -44.665581524542674, 1452.437320603293, 1453.7814541491987, 
2025 OCT 07 05:03:52, 813085501.3848491, 3775.7403436184964, 2344.175097797774, 553.7537275904754, -2380.1311380678985, 13.291069453295478, -44.65828095401072, 1449.1105269388977, 1450.4854808464854, 
2025 OCT 07 05:03:53, 813085502.3869368, 3775.7163392711714, 2344.2894744029168, 554.5957986089157, -2379.826027988319, 13.309935479864095, -44.65098115704055, 1445.7840867374343, 1447.1900660095494, 
2025 OCT 07 05:03:54, 813085503.3890244, 3775.6923389813455, 2344.4037062693565, 555.4370388078913, -2379.5209114425425, 13.328778295219925, -44.64368214051863, 1442.458009467874, 1443.895214327879, 
2025 OCT 07 05:03:55, 813085504.3911121, 3775.6683445885933, 2344.517793940302, 556.2774518172155, -2379.2157879519027, 13.347597992891757, -44.63638389258234, 1439.1323039984125, 1440.6009302833831, 
2025 OCT 07 05:03:56, 813085505.3931998, 3775.64435774648, 2344.631737916513, 557.1170409025307, -2378.9106571570637, 13.36639465813689, -44.62908640422896, 1435.806980439739, 1437.307219569685, 
2025 OCT 07 05:03:57, 813085506.3952875, 3775.6203750748414, 2344.7455387506857, 557.9558063458235, -2378.6055193340526, 13.385168306852826, -44.621789681652835, 1432.482048053777, 1434.0140866170013, 
2025 OCT 07 05:03:58, 813085507.3973751, 3775.5963983211777, 2344.8591966483045, 558.7937523753271, -2378.3003741796742, 13.403919048075544, -44.61449371719703, 1429.1575174016734, 1430.7215374291575, 
2025 OCT 07 05:03:59, 813085508.3994628, 3775.5724292162467, 2344.9727127075644, 559.6308806683296, -2377.9952211070877, 13.422646926863113, -44.60719849642796, 1425.8333969332045, 1427.4295762469, 
2025 OCT 07 05:04:00, 813085509.4015505, 3775.5484643460427, 2345.0860871939394, 560.4671923488964, -2377.6900604662837, 13.44135198002779, -44.59990402731188, 1422.509696815118, 1424.1382082269631, 
2025 OCT 07 05:04:01, 813085510.4036382, 3775.5245054410375, 2345.1993205833264, 561.3026908157861, -2377.3848918690755, 13.46003429575422, -44.59261030016918, 1419.1864270616109, 1420.8474389014368, 
2025 OCT 07 05:04:02, 813085511.4057258, 3775.500554281731, 2345.3124130781803, 562.1373802163322, -2377.0797150130825, 13.478693980960479, -44.58531730737577, 1415.8635985250316, 1417.5572745075356, 
2025 OCT 07 05:04:03, 813085512.4078135, 3775.4766074096406, 2345.425365820763, 562.9712591143084, -2376.7745299796247, 13.497331008303842, -44.5780250504793, 1412.5412193419354, 1414.2677184793972, 
2025 OCT 07 05:04:04, 813085513.4099013, 3775.452666573503, 2345.5381787270885, 563.8043326507423, -2376.469336504977, 13.515945509136971, -44.570733522783556, 1409.219300840744, 1410.978777367727, 
2025 OCT 07 05:04:05, 813085514.411989, 3775.42873355829, 2345.650852850048, 564.636602284327, -2376.1641340729716, 13.534537523381887, -44.56344271156576, 1405.8978525752566, 1407.6904564505764, 
2025 OCT 07 05:04:06, 813085515.4140766, 3775.404804893677, 2345.7633881341967, 565.4680700382144, -2375.8589231128144, 13.553107110104104, -44.5561526266889, 1402.5768855209972, 1404.4027614174277, 
2025 OCT 07 05:04:07, 813085516.4161643, 3775.3808823915397, 2345.8757856572315, 566.2987375818174, -2375.5537030277937, 13.571654313857673, -44.548863253511264, 1399.256408585267, 1401.1156968829548, 
2025 OCT 07 05:04:08, 813085517.418252, 3775.3569677426945, 2345.9880452838124, 567.1286099316536, -2375.2484736118004, 13.59017926313713, -44.54157458672535, 1395.9364333526062, 1397.829269569874, 
2025 OCT 07 05:04:09, 813085518.4203397, 3775.3330575363375, 2346.1001678648026, 567.9576865119021, -2374.9432350097904, 13.608681951827078, -44.53428662940811, 1392.6169695353162, 1394.543484248827, 
2025 OCT 07 05:04:10, 813085519.4224273, 3775.309153475552, 2346.212153858157, 568.7859704132441, -2374.6379868823547, 13.627162460567012, -44.52699937307231, 1389.2980281300313, 1391.2583472837473, 
2025 OCT 07 05:04:11, 813085520.424515, 3775.2852574384374, 2346.324004031755, 569.613464239526, -2374.3327286975014, 13.6456208569665, -44.51971280463845, 1385.979618712619, 1387.973863783793, 
2025 OCT 07 05:04:12, 813085521.4266027, 3775.261365812313, 2346.4357182930876, 570.4401700252612, -2374.0274608940313, 13.664057200263827, -44.51242693420234, 1382.6617526545879, 1384.6900396633503, 
2025 OCT 07 05:04:13, 813085522.4286904, 3775.237480482079, 2346.5472974315994, 571.2660900480732, -2373.722182987945, 13.682471550318253, -44.505141749834316, 1379.3444404196905, 1381.4068808680383, 
2025 OCT 07 05:04:14, 813085523.430778, 3775.2136032347375, 2346.658741879938, 572.0912275221094, -2373.416894616457, 13.700863990515112, -44.497857242503, 1376.0276933631965, 1378.124394069418, 
2025 OCT 07 05:04:15, 813085524.4328657, 3775.189730492321, 2346.7700521684087, 572.9155829176536, -2373.11159597052, 13.719234540397816, -44.49057341639187, 1372.7115211372395, 1374.8425836942226, 
2025 OCT 07 05:04:16, 813085525.4349535, 3775.1658641123695, 2346.8812287648616, 573.7391592756296, -2372.806286686415, 13.73758327905989, -44.48329026245161, 1369.395935217256, 1371.5614564938116, 
2025 OCT 07 05:04:17, 813085526.4370412, 3775.142005814389, 2346.992272103649, 574.5619599667249, -2372.5009663490264, 13.755910293311342, -44.4760077704116, 1366.080946757328, 1368.281018887221, 
2025 OCT 07 05:04:18, 813085527.4391288, 3775.11815218741, 2347.1031823742373, 575.3839859761579, -2372.195635348803, 13.774215616340626, -44.46872594921727, 1362.7665672392716, 1365.0012768943393, 
2025 OCT 07 05:04:19, 813085528.4412165, 3775.094304952573, 2347.213960653157, 576.2052389263155, -2371.890293053739, 13.792499290970586, -44.46144478342969, 1359.4528064067874, 1361.72223580322, 
2025 OCT 07 05:04:20, 813085529.4433042, 3775.0704658897994, 2347.3246070548767, 577.0257228453928, -2371.584939190872, 13.810761420787673, -44.45416426617794, 1356.1396764328638, 1358.4439028297904, 
2025 OCT 07 05:04:21, 813085530.4453919, 3775.0466314765126, 2347.435122088381, 577.8454379706037, -2371.2795740078027, 13.829002019823733, -44.446884403004056, 1352.8271882485953, 1355.1662835234501, 
2025 OCT 07 05:04:22, 813085531.4474795, 3775.022803581792, 2347.545505904644, 578.66438835018, -2370.9741971821873, 13.8472211918115, -44.43960518586244, 1349.5153542012104, 1351.8893852338751, 
2025 OCT 07 05:04:23, 813085532.4495672, 3774.99898215775, 2347.6557595271793, 579.4825744977535, -2370.6688083851245, 13.865418954141555, -44.43232660655544, 1346.204184168309, 1348.6132131201994, 
2025 OCT 07 05:04:24, 813085533.4516549, 3774.9751690733424, 2347.7658828529165, 580.3000014219597, -2370.3634073011253, 13.883595433955998, -44.42504865720919, 1342.893691017096, 1345.3377748520231, 
2025 OCT 07 05:04:25, 813085534.4537426, 3774.9513607076474, 2347.875876883716, 581.1166675277275, -2370.057994125403, 13.901750600169652, -44.41777134212199, 1339.5838852592929, 1342.0630757775168, 
2025 OCT 07 05:04:26, 813085535.4558302, 3774.9275589770778, 2347.9857415056267, 581.9325776465048, -2369.7525685874857, 13.91988457580568, -44.41049465449594, 1336.2747799702117, 1338.789123716248, 
2025 OCT 07 05:04:27, 813085536.4579179, 3774.903765553049, 2348.095477739499, 582.7477333609747, -2369.4471300877212, 13.937997402654622, -44.403218579695476, 1332.9663854718297, 1335.5159244048339, 
2025 OCT 07 05:04:28, 813085537.4600056, 3774.8799770526575, 2348.205085457182, 583.5621366454174, -2369.1416790532344, 13.956089138013597, -44.39594312754746, 1329.6587145828698, 1332.2434847368315, 
2025 OCT 07 05:04:29, 813085538.4620934, 3774.856195109246, 2348.3145653760093, 584.3757897626333, -2368.8362150093094, 13.97415984094291, -44.388668286397255, 1326.3517789613575, 1328.9718115556411, 
2025 OCT 07 05:04:30, 813085539.464181, 3774.8324216317096, 2348.4239179278757, 585.1886956825984, -2368.530737584086, 13.992209588322194, -44.38139404704526, 1323.0455912600871, 1325.7009125106201, 
2025 OCT 07 05:04:31, 813085540.4662687, 3774.8086530514424, 2348.5331438808817, 586.000853962237, -2368.2252469058035, 14.010238376653492, -44.3741204122031, 1319.7401620973965, 1322.4307927555287, 
2025 OCT 07 05:04:32, 813085541.4683564, 3774.7848912145937, 2348.6422430313714, 586.8122695499565, -2367.919742734621, 14.028246331802475, -44.366847375818814, 1316.4355050754593, 1319.161460462311, 
2025 OCT 07 05:04:33, 813085542.4704441, 3774.761137859435, 2348.7512161112036, 587.6229445707764, -2367.614224598542, 14.0462335093592, -44.35957492631779, 1313.1316322932805, 1315.8929228473373, 
2025 OCT 07 05:04:34, 813085543.4725317, 3774.7373894900043, 2348.860063574129, 588.4328791221989, -2367.3086927923646, 14.064199919919298, -44.35230307038038, 1309.8285562502933, 1312.6251866446355, 
2025 OCT 07 05:04:35, 813085544.4746194, 3774.7136479239525, 2348.9687858360603, 589.2420765921178, -2367.003146837733, 14.082145649791846, -44.345031796285554, 1306.5262888247437, 1309.3582586292866, 
2025 OCT 07 05:04:36, 813085545.4767071, 3774.689914942761, 2349.077383300426, 590.0505399992317, -2366.6975863538973, 14.100070776815091, -44.33776109464055, 1303.224843213857, 1306.0921468439765, 
2025 OCT 07 05:04:37, 813085546.4787948, 3774.666187022008, 2349.185856412699, 590.8582695011532, -2366.392011619806, 14.117975312890586, -44.3304909717518, 1299.9242317913674, 1302.826857815222, 
2025 OCT 07 05:04:38, 813085547.4808824, 3774.6424659150225, 2349.2942055491453, 591.6652681618524, -2366.0864222632404, 14.135859336960925, -44.323221418433135, 1296.624467920349, 1299.5623996977447, 
2025 OCT 07 05:04:39, 813085548.4829701, 3774.6187535072536, 2349.402430882701, 592.4715401149995, -2365.780817841703, 14.153722953606662, -44.31595242383159, 1293.3255643275322, 1296.298779811902, 
2025 OCT 07 05:04:40, 813085549.4850578, 3774.595046199582, 2349.5105333953147, 593.2770837003432, -2365.4751985481635, 14.17156612982237, -44.308683992211854, 1290.0275332387953, 1293.0360048339476, 
2025 OCT 07 05:04:41, 813085550.4871455, 3774.5713458114565, 2349.618513203735, 594.0819028837993, -2365.1695640298954, 14.189388966575093, -44.3014161148609, 1286.730388349098, 1289.7740829823795, 
2025 OCT 07 05:04:42, 813085551.4892331, 3774.547654157062, 2349.7263703692493, 594.8860016324045, -2364.8639139821344, 14.20719156510411, -44.29414878421041, 1283.434143877453, 1286.5130229626334, 
2025 OCT 07 05:04:43, 813085552.4913208, 3774.5239676991046, 2349.8341060111866, 595.6893783655919, -2364.558248436007, 14.224973893331066, -44.286882000680784, 1280.1388111551278, 1283.2528304820753, 
2025 OCT 07 05:04:44, 813085553.4934086, 3774.50028822978, 2349.9417201154815, 596.4920371326748, -2364.252567133487, 14.242736054727583, -44.27961575781935, 1276.8444045989345, 1279.9935143895034, 
2025 OCT 07 05:04:45, 813085554.4954963, 3774.4766176128223, 2350.04921285557, 597.2939818091706, -2363.9468696695003, 14.26047814762038, -44.27235004568202, 1273.5509383571336, 1276.7350832394582, 
2025 OCT 07 05:04:46, 813085555.4975839, 3774.452952186564, 2350.1565852028675, 598.0952106905444, -2363.6411562441617, 14.278200137847016, -44.265084868710915, 1270.2584252345787, 1273.4775440947003, 
2025 OCT 07 05:04:47, 813085556.4996716, 3774.4292938720982, 2350.263836990656, 598.8957288117654, -2363.335426489875, 14.295902152173399, -44.257820217857045, 1266.9668792703, 1270.2209051331724, 
2025 OCT 07 05:04:48, 813085557.5017593, 3774.4056444517887, 2350.370968862601, 599.6955383005229, -2363.0296799640587, 14.313584246005352, -44.2505560822946, 1263.6763144347692, 1266.9651750750454, 
2025 OCT 07 05:04:49, 813085558.503847, 3774.382000306671, 2350.4779815745674, 600.4946383133189, -2362.7239168562555, 14.331246406049688, -44.24329246621888, 1260.38674389649, 1263.7103610382098, 
2025 OCT 07 05:04:50, 813085559.5059346, 3774.358363335482, 2350.5848748549615, 601.2930337000415, -2362.4181369346693, 14.348888755277954, -44.236029363815796, 1257.0981832574846, 1260.4564726450285, 
2025 OCT 07 05:04:51, 813085560.5080223, 3774.334735302783, 2350.691649402978, 602.0907267597055, -2362.1123396481203, 14.36651135254533, -44.22876676168946, 1253.8106455986908, 1257.2035176484976, 
2025 OCT 07 05:04:52, 813085561.51011, 3774.311112670186, 2350.7983056545145, 602.8877175077911, -2361.8065252763763, 14.384114205970775, -44.22150466618173, 1250.5241453508324, 1253.9515040897058, 
2025 OCT 07 05:04:53, 813085562.5121977, 3774.2874990621303, 2350.904843962327, 603.6840099400152, -2361.500693174856, 14.401697415156304, -44.214243061685316, 1247.2386972410116, 1250.7004413498635, 
2025 OCT 07 05:04:54, 813085563.5142853, 3774.263890879611, 2351.01126470121, 604.4796041787985, -2361.1948436508924, 14.419260990951274, -44.20698195519841, 1243.9543159106972, 1247.4503375978545, 
2025 OCT 07 05:04:55, 813085564.516373, 3774.240289945649, 2351.117568275309, 605.2745033364183, -2360.8889762246927, 14.436805012354917, -44.19972133503243, 1240.6710154436046, 1244.2012012386504, 
2025 OCT 07 05:04:56, 813085565.5184608, 3774.2166981076866, 2351.22375502721, 606.0687103917986, -2360.5830905058147, 14.454329555615537, -44.19246119162519, 1237.3888111512738, 1240.953041862853, 
2025 OCT 07 05:04:57, 813085566.5205485, 3774.193111784641, 2351.3298253572993, 606.8622254490771, -2360.2771867725305, 14.471834630902055, -44.18520153128822, 1234.1077176859553, 1237.7058675459025, 
2025 OCT 07 05:04:58, 813085567.5226362, 3774.1695327931775, 2351.4357796318113, 607.6550515638639, -2359.9712645850263, 14.489320315989001, -44.17794234329157, 1230.8277502227786, 1234.4596876649468, 
2025 OCT 07 05:04:59, 813085568.5247238, 3774.145962939491, 2351.541618194196, 608.4471915741726, -2359.6653235764047, 14.506786683752102, -44.17068361864068, 1227.5489244985727, 1231.2145121380352, 
2025 OCT 07 05:05:00, 813085569.5268115, 3774.122398651871, 2351.6473414797333, 609.2386458564225, -2359.359363912866, 14.524233750261812, -44.163425360991326, 1224.271254744116, 1227.9703484982158, 
2025 OCT 07 05:05:01, 813085570.5288992, 3774.0988417464555, 2351.7529495160406, 610.0294181466763, -2359.0533853025645, 14.541661610676924, -44.15616756313339, 1220.9947574328135, 1224.7272070553745, 
2025 OCT 07 05:05:02, 813085571.5309869, 3774.075294130602, 2351.8584432599614, 610.8195096502699, -2358.7473871799702, 14.55907029682248, -44.148910211369774, 1217.719447295123, 1221.485097142241, 
2025 OCT 07 05:05:03, 813085572.5330745, 3774.05175214995, 2351.9638227729247, 611.6089212917553, -2358.441369931327, 14.576459839385029, -44.141653314579315, 1214.4453406331054, 1218.2440279561508, 
2025 OCT 07 05:05:04, 813085573.5351622, 3774.0282176002847, 2352.0690881594587, 612.3976571613445, -2358.1353330863053, 14.59383034099678, -44.13439686132741, 1211.172453123666, 1215.0040089050394, 
2025 OCT 07 05:05:05, 813085574.5372499, 3774.004692407479, 2352.1742403186636, 613.1857182838914, -2357.82927617278, 14.611181829572082, -44.127140840142665, 1207.900800314493, 1211.7650500466461, 
2025 OCT 07 05:05:06, 813085575.5393376, 3773.9811728956383, 2352.279279073152, 613.9731065870783, -2357.5231995453955, 14.628514359980953, -44.11988525915692, 1204.6303990242222, 1208.527160672389, 
2025 OCT 07 05:05:07, 813085576.5414252, 3773.957660945404, 2352.3842053254325, 614.7598231050358, -2357.217102721153, 14.64582796025681, -44.112630106645234, 1201.3612650204577, 1205.290350983631, 
2025 OCT 07 05:05:08, 813085577.543513, 3773.934158346236, 2352.4890188282984, 615.5458728746419, -2356.910985315668, 14.66312275649207, -44.10537537322554, 1198.093415092888, 1202.0546310692935, 
2025 OCT 07 05:05:09, 813085578.5456007, 3773.9106615784012, 2352.593720281832, 616.3312548793488, -2356.604847567195, 14.680398731079338, -44.09812106427375, 1194.82686540267, 1198.820010260511, 
2025 OCT 07 05:05:10, 813085579.5476884, 3773.8871724104592, 2352.6983102927634, 617.1159712588941, -2356.2986889899375, 14.697655938889625, -44.09086716800903, 1191.5616322396045, 1195.5864988779165, 
2025 OCT 07 05:05:11, 813085580.549776, 3773.863692663043, 2352.8027885926244, 617.9000266519603, -2355.9925093104034, 14.714894496905323, -44.08361367768573, 1188.2977339949143, 1192.354108482782, 
2025 OCT 07 05:05:12, 813085581.5518637, 3773.8402187865763, 2352.907155880847, 618.6834203489409, -2355.686308681078, 14.732114394420176, -44.07636059665128, 1185.0351861049119, 1189.1228475412147, 
2025 OCT 07 05:05:13, 813085582.5539514, 3773.8167526078546, 2353.0114124809606, 619.4661552318084, -2355.3800866923857, 14.749315704765085, -44.069107914940155, 1181.774006233049, 1185.8927273482655, 
2025 OCT 07 05:05:14, 813085583.5560391, 3773.79329596661, 2353.1155587099356, 620.2482342645071, -2355.0738429152734, 14.76649850311684, -44.06185562213067, 1178.5142117892146, 1182.6637589289735, 
2025 OCT 07 05:05:15, 813085584.5581267, 3773.7698452473314, 2353.219594925501, 621.0296573890722, -2354.7675776633264, 14.783662795560124, -44.05460372538979, 1175.2558203625806, 1179.4359524480797, 
2025 OCT 07 05:05:16, 813085585.5602144, 3773.746402272181, 2353.32352147446, 621.8104277277765, -2354.461290430504, 14.800808660614445, -44.04735221247708, 1171.9988488841657, 1176.2093183591041, 
2025 OCT 07 05:05:17, 813085586.5623021, 3773.72296889614, 2353.4273386542613, 622.5905480681713, -2354.154980842035, 14.817936169415672, -44.04010107426551, 1168.7433156774496, 1172.983868452903, 
2025 OCT 07 05:05:18, 813085587.5643898, 3773.699541535895, 2353.5310468547964, 623.3700184983372, -2353.848649133867, 14.835045331075987, -44.032850316087234, 1165.489238377306, 1169.75961280396, 
2025 OCT 07 05:05:19, 813085588.5664774, 3773.6761219595264, 2353.634646360544, 624.1488418305665, -2353.5422949315475, 14.852136217293205, -44.0255999288265, 1162.2366355970503, 1166.5365633812114, 
2025 OCT 07 05:05:20, 813085589.5685651, 3773.652712126476, 2353.738137508933, 624.9270211615284, -2353.235917729187, 14.869208905854672, -44.018349900262066, 1158.9855249589546, 1163.3147311857922, 
2025 OCT 07 05:05:21, 813085590.5706528, 3773.62930825715, 2353.841520357073, 625.7045573342987, -2352.9295178853686, 14.886263424942706, -44.011100238631634, 1155.7359255588615, 1160.0941272298423, 
2025 OCT 07 05:05:22, 813085591.5727406, 3773.6059123883265, 2353.944795804612, 626.4814514438942, -2352.6230948578036, 14.903299803353706, -44.00385093085741, 1152.4878550100102, 1156.8747630140858, 
2025 OCT 07 05:05:23, 813085592.5748281, 3773.582526264245, 2354.047963854659, 627.2577071454306, -2352.316648313809, 14.920318133452543, -43.9966019688261, 1149.2413331678808, 1153.6566512704348, 
2025 OCT 07 05:05:24, 813085593.5769159, 3773.5591462205975, 2354.151024580098, 628.0333256754305, -2352.0101784844474, 14.937318452161936, -43.98935335776126, 1145.9963784824297, 1150.439802214419, 
2025 OCT 07 05:05:25, 813085594.5790036, 3773.535774176676, 2354.253978880154, 628.8083078837186, -2351.703684883402, 14.95430078258308, -43.982105085919656, 1142.7530094668575, 1147.2242281126116, 
2025 OCT 07 05:05:26, 813085595.5810913, 3773.5124119607704, 2354.3568264454, 629.5826585454188, -2351.397167179626, 14.97126524427304, -43.97485714523521, 1139.5112466718806, 1144.0099419159703, 
2025 OCT 07 05:05:27, 813085596.5831789, 3773.4890559202113, 2354.4595682151203, 630.3563757835535, -2351.090625561971, 14.988211798066667, -43.96760953993711, 1136.2711085584483, 1140.7969546366369, 
2025 OCT 07 05:05:28, 813085597.5852666, 3773.4657079576664, 2354.562203926623, 631.1294643901206, -2350.7840596414762, 15.005140563530725, -43.960362260593755, 1133.032615307695, 1137.5852787689973, 
2025 OCT 07 05:05:29, 813085598.5873543, 3773.442369872324, 2354.664734162886, 631.9019262870775, -2350.477468947573, 15.022051589855453, -43.95311529584933, 1129.7957867003904, 1134.3749272980124, 
2025 OCT 07 05:05:30, 813085599.589442, 3773.419038106812, 2354.7671595602537, 632.6737606158177, -2350.1708536932415, 15.038944862756653, -43.94586865050795, 1126.560641900997, 1131.1659114975268, 
2025 OCT 07 05:05:31, 813085600.5915296, 3773.3957144424094, 2354.869479822371, 633.4449718753148, -2349.8642135885125, 15.055820495202632, -43.938622317486654, 1123.3272028269755, 1127.958245351918, 
2025 OCT 07 05:05:32, 813085601.5936173, 3773.3724006967036, 2354.97169552552, 634.215562224844, -2349.5575480967304, 15.072678541681555, -43.93137628387759, 1120.0954886737632, 1124.751941147538, 
2025 OCT 07 05:05:33, 813085602.595705, 3773.349093318313, 2355.0738070238517, 634.9855315955181, -2349.2508574928106, 15.089519007453328, -43.924130555951926, 1116.8655201881236, 1121.5470111904256, 
2025 OCT 07 05:05:34, 813085603.5977927, 3773.325794139614, 2355.1758146025822, 635.7548828455492, -2348.944141336714, 15.106341964566655, -43.91688512308971, 1113.6373183094254, 1118.343469024463, 
2025 OCT 07 05:05:35, 813085604.5998803, 3773.3025050141605, 2355.2777185268797, 636.5236186830056, -2348.6373992440017, 15.123147481731204, -43.90963997598942, 1110.4109045415662, 1115.141328733646, 
2025 OCT 07 05:05:36, 813085605.601968, 3773.2792223069227, 2355.379519173, 637.2917392923781, -2348.330631392691, 15.139935569720802, -43.90239511863674, 1107.1862991150333, 1111.940601900618, 
2025 OCT 07 05:05:37, 813085606.6040558, 3773.255949724405, 2355.481216780186, 638.0592484032874, -2348.0238371438727, 15.156706320477456, -43.89515053572587, 1103.9635240556827, 1108.741303398405, 
2025 OCT 07 05:05:38, 813085607.6061435, 3773.232683502836, 2355.5828116578527, 638.8261459569397, -2347.717016802124, 15.173459739605025, -43.8879062342337, 1100.7426007595654, 1105.5434458199804, 
2025 OCT 07 05:05:39, 813085608.6082311, 3773.2094257039407, 2355.684304116016, 639.5924346696586, -2347.410169923865, 15.190195895561734, -43.8806622034724, 1097.5235515764743, 1102.3470438746003, 
2025 OCT 07 05:05:40, 813085609.6103188, 3773.1861780054865, 2355.7856944237615, 640.358117602696, -2347.103296008842, 15.206914864813797, -43.87341843142165, 1094.3063979143103, 1099.1521112210644, 
2025 OCT 07 05:05:41, 813085610.6124065, 3773.1629368365534, 2355.886982894662, 641.1231946297994, -2346.7963953685053, 15.22361665131639, -43.86617492522393, 1091.0911621940568, 1095.9586613067036, 
2025 OCT 07 05:05:42, 813085611.6144942, 3773.139704075313, 2355.9881695325757, 641.8876694176997, -2346.4894675960163, 15.240301346799441, -43.85893167506814, 1087.8778676674044, 1092.7667091512974, 
2025 OCT 07 05:05:43, 813085612.6165818, 3773.1164815601105, 2356.0892551539187, 642.6515429154127, -2346.1825122083983, 15.256968976396982, -43.85168866935161, 1084.6665362612728, 1089.5762695307676, 
2025 OCT 07 05:05:44, 813085613.6186695, 3773.093265605706, 2356.1902395456755, 643.4148170297615, -2345.8755294827893, 15.273619593243982, -43.844445914409974, 1081.457191211058, 1086.3873557048496, 
2025 OCT 07 05:05:45, 813085614.6207572, 3773.0700581296087, 2356.291123554872, 644.1774927395584, -2345.5685188930784, 15.29025322289348, -43.837203397627874, 1078.2498548976432, 1083.1999827846685, 
2025 OCT 07 05:05:46, 813085615.6228449, 3773.0468609915238, 2356.3919068191235, 644.9395746265373, -2345.2614801327245, 15.30686997984963, -43.829961111575074, 1075.0445521314987, 1080.014166710775, 
2025 OCT 07 05:05:47, 813085616.6249325, 3773.0236705207903, 2356.4925903006347, 645.7010607083295, -2344.954413359529, 15.323469821880428, -43.82271905977558, 1071.841305406377, 1076.8299213207351, 
2025 OCT 07 05:05:48, 813085617.6270202, 3773.000488581817, 2356.593173638928, 646.4619557847698, -2344.647318199077, 15.340052868328192, -43.815477233201925, 1068.6401392322732, 1073.6472621094827, 
2025 OCT 07 05:05:49, 813085618.629108, 3772.977317008129, 2356.6936576799653, 647.222260769889, -2344.340194131837, 15.356619143120996, -43.808235619409686, 1065.4410769324274, 1070.4662048683404, 
2025 OCT 07 05:05:50, 813085619.6311957, 3772.9541521984556, 2356.794042166288, 647.9819774052452, -2344.033041506569, 15.373168695712724, -43.80099422643, 1062.244143960625, 1067.2867646164539, 
2025 OCT 07 05:05:51, 813085620.6332833, 3772.9309959601837, 2356.894327648812, 648.7411074393311, -2343.725859864301, 15.389701570660975, -43.79375304325059, 1059.049364732911, 1064.1089577060666, 
2025 OCT 07 05:05:52, 813085621.635371, 3772.9078502015527, 2356.994514382462, 649.4996538112842, -2343.4186487111274, 15.406217841223052, -43.7865120580413, 1055.8567634902513, 1060.93279986791, 
2025 OCT 07 05:05:53, 813085622.6374587, 3772.884711298786, 2357.094602968335, 650.2576155961912, -2343.1114082642393, 15.422717491156874, -43.77927127573533, 1052.6663648187878, 1057.7583062258404, 
2025 OCT 07 05:05:54, 813085623.6395464, 3772.8615810328743, 2357.1945930816805, 651.0149971788455, -2342.8041382040474, 15.43920062991419, -43.772030688615345, 1049.4781955303538, 1054.58549407377, 
2025 OCT 07 05:05:55, 813085624.641634, 3772.8384612449895, 2357.2944851891657, 651.7718005092369, -2342.4968380872347, 15.455667306957686, -43.764790286052865, 1046.29228109793, 1051.4143805672697, 
2025 OCT 07 05:05:56, 813085625.6437217, 3772.815348410123, 2357.394279723568, 652.5280255579432, -2342.189508045941, 15.472117527231266, -43.75755007098065, 1043.1086464307912, 1048.2449804978874, 
2025 OCT 07 05:05:57, 813085626.6458094, 3772.792246174594, 2357.4939768403133, 653.2836759707502, -2341.882147474638, 15.488551380356354, -43.75031002895494, 1039.9273182875238, 1045.077312181479, 
2025 OCT 07 05:05:58, 813085627.6478971, 3772.7691508110324, 2357.5935768534537, 654.0387516848647, -2341.5747566282357, 15.504968871204806, -43.74307016580344, 1036.7483228683775, 1041.911391481873, 
2025 OCT 07 05:05:59, 813085628.6499847, 3772.7460642614164, 2357.6930797044997, 654.7932562560601, -2341.2673351319872, 15.521370088617685, -43.73583047252361, 1033.571688103327, 1038.747236864245, 
2025 OCT 07 05:06:00, 813085629.6520724, 3772.7229884146445, 2357.792486242696, 655.5471907674936, -2340.959882386754, 15.537755059906232, -43.728590934833996, 1030.3974389204775, 1035.5848650342305, 
2025 OCT 07 05:06:01, 813085630.6541601, 3772.6999195431404, 2357.8917964720545, 656.3005560163934, -2340.6523987118344, 15.554123811200986, -43.72135156008245, 1027.2256034309294, 1032.4242930753107, 
2025 OCT 07 05:06:02, 813085631.6562479, 3772.676859527381, 2357.9910106248544, 657.0533547025468, -2340.344883670089, 15.570476410083165, -43.71411233780696, 1024.0562093091823, 1029.2655393760651, 
2025 OCT 07 05:06:03, 813085632.6583354, 3772.6538102299746, 2358.090128609752, 657.8055903620667, -2340.03733691021, 15.586812944969296, -43.70687325957087, 1020.8892856086385, 1026.1086231974352, 
2025 OCT 07 05:06:04, 813085633.6604232, 3772.6307680430123, 2358.1891513885157, 658.5572612704955, -2339.729758490143, 15.603133379019443, -43.69963432657299, 1017.724858090212, 1022.9535603538204, 
2025 OCT 07 05:06:05, 813085634.6625109, 3772.6077347844857, 2358.2880788402576, 659.3083709940526, -2339.4221480745127, 15.619437801445972, -43.69239553075628, 1014.5629563382465, 1019.8003704556152, 
2025 OCT 07 05:06:06, 813085635.6645986, 3772.5847123143117, 2358.386910931677, 660.0589230703299, -2339.114505243556, 15.635726300202966, -43.68515686208222, 1011.4036099667056, 1016.6490730358818, 
2025 OCT 07 05:06:07, 813085636.6666862, 3772.5616969373173, 2358.485648215236, 660.8089164873605, -2338.806830258989, 15.651998857005566, -43.67791832654912, 1008.2468474548774, 1013.4996859022137, 
2025 OCT 07 05:06:08, 813085637.6687739, 3772.5386906637073, 2358.584291272714, 661.5583532393749, -2338.49912251376, 15.668255521091952, -43.67067990971692, 1005.0926967896944, 1010.3522277498606, 
2025 OCT 07 05:06:09, 813085638.6708616, 3772.5156952587286, 2358.682839693358, 662.3072376923423, -2338.1913817230215, 15.684496401329517, -43.66344160473074, 1001.9411895459816, 1007.2067193430424, 
2025 OCT 07 05:06:10, 813085639.6729493, 3772.4927070689555, 2358.781294405178, 663.0555679680704, -2337.883608011181, 15.700721457478913, -43.65620341436328, 998.7923540767607, 1004.0631785473757, 
2025 OCT 07 05:06:11, 813085640.6750369, 3772.4697278800863, 2358.879654972852, 663.8033484726615, -2337.575801100532, 15.716930799390726, -43.648965331930725, 995.6462225979095, 1000.921626569045, 
2025 OCT 07 05:06:12, 813085641.6771246, 3772.4467597314588, 2358.977921965795, 664.5505811455914, -2337.267960398256, 15.733124474971772, -43.641727343344044, 992.5028244198338, 997.7820830843725, 
2025 OCT 07 05:06:13, 813085642.6792123, 3772.4237988559807, 2359.076095675942, 665.2972658330856, -2336.9600861740223, 15.749302486748384, -43.63448945479628, 989.3621906478937, 994.6445674727045, 
2025 OCT 07 05:06:14, 813085643.6813, 3772.400848968915, 2359.174176279036, 666.0434061326076, -2336.6521777566186, 15.765464922360414, -43.62725165036213, 986.2243527832177, 991.5091014014824, 
2025 OCT 07 05:06:16, 813085644.6833876, 3772.3779064041223, 2359.272164042149, 666.7890018720001, -2336.344235441593, 15.781611784024054, -43.62001393684493, 983.0893426604467, 988.3757047680353, 
2025 OCT 07 05:06:17, 813085645.6854753, 3772.3549730951754, 2359.3700592358173, 667.5340558336469, -2336.036258686611, 15.797743140362808, -43.6127763013551, 979.9571915975383, 985.2443984055657, 
2025 OCT 07 05:06:18, 813085646.6875631, 3772.3320507978547, 2359.4678620184022, 668.2785706698485, -2335.728247093877, 15.813859057734645, -43.605538734405535, 976.8279324247696, 982.115204496582, 
2025 OCT 07 05:06:19, 813085647.6896508, 3772.3091359487144, 2359.56557271907, 669.0225462003783, -2335.4202008929956, 15.829959537696087, -43.59830124125349, 973.7015976375216, 978.9881433185323, 
2025 OCT 07 05:06:20, 813085648.6917384, 3772.286230370117, 2359.6631915023772, 669.7659851033828, -2335.112119667641, 15.84604464708068, -43.59106381198045, 970.5782207513331, 975.8632375618388, 
2025 OCT 07 05:06:21, 813085649.6938261, 3772.263335891776, 2359.7607185999077, 670.5088901135954, -2334.8040029144845, 15.862114453514227, -43.583826434629245, 967.4578345070092, 972.7405090683692, 
2025 OCT 07 05:06:22, 813085650.6959138, 3772.2404488894517, 2359.8581543008613, 671.2512610435621, -2334.49585089889, 15.878168958562712, -43.57658911530107, 964.3404729152611, 969.6199792445168, 
2025 OCT 07 05:06:23, 813085651.6980015, 3772.2175713218003, 2359.9554988285204, 671.9931005798962, -2334.187663134328, 15.894208228755613, -43.56935184243831, 961.2261702027523, 966.5016712467224, 
2025 OCT 07 05:06:24, 813085652.7000891, 3772.1947049187047, 2360.0527520317023, 672.7344120953233, -2333.8794393090034, 15.910232348371718, -43.562114608591514, 958.1149621495904, 963.3856090891063, 
2025 OCT 07 05:06:25, 813085653.7021768, 3772.17184605539, 2360.1499148506628, 673.4751939512669, -2333.57117944476, 15.926241282145796, -43.55487741414749, 955.0068811717082, 960.2718133116531, 
2025 OCT 07 05:06:26, 813085654.7042645, 3772.1489966123477, 2360.246986849852, 674.215450414645, -2333.262883253961, 15.942235136185314, -43.54764025222827, 951.9019646266308, 957.160308793747, 
2025 OCT 07 05:06:27, 813085655.7063522, 3772.1261585126113, 2360.3439688435737, 674.955182377447, -2332.954550158433, 15.958213932779795, -43.54040310914029, 948.8002467024221, 954.0511192621793, 
2025 OCT 07 05:06:28, 813085656.7084398, 3772.1033280103343, 2360.44086050109, 675.6943913473395, -2332.6461805469253, 15.974177715351958, -43.533165993887906, 945.7017653178749, 950.9442682751285, 
2025 OCT 07 05:06:29, 813085657.7105275, 3772.080508842403, 2360.537662605987, 676.4330793381645, -2332.3377735465556, 15.990126531496593, -43.5259288858673, 942.606554738139, 947.8397799743276, 
2025 OCT 07 05:06:30, 813085658.7126153, 3772.0576973556526, 2360.634374812125, 677.1712479135899, -2332.0293295403217, 16.006060425927966, -43.518691793949905, 939.5146537735516, 944.7376785599456, 
2025 OCT 07 05:06:31, 813085659.714703, 3772.034895389031, 2360.7309979482784, 677.9088978435316, -2331.720847961654, 16.02197941797867, -43.51145470472702, 936.4260981334154, 941.6379888729101, 
2025 OCT 07 05:06:32, 813085660.7167906, 3772.012104850411, 2360.8275315578458, 678.6460334823836, -2331.4123284974, 16.037883615586182, -43.504217610740604, 933.340927720132, 938.5407376033077, 
2025 OCT 07 05:06:33, 813085661.7188783, 3771.9893220892322, 2360.923976272124, 679.3826538931504, -2331.1037712636708, 16.05377300101095, -43.49698051460388, 930.2591789701023, 935.4459478601262, 
2025 OCT 07 05:06:34, 813085662.720966, 3771.9665488451387, 2361.020332222533, 680.1187617182775, -2330.7951758455665, 16.069647639951924, -43.489743406476336, 927.1808909202679, 932.3536463369275, 
2025 OCT 07 05:06:35, 813085663.7230537, 3771.9437871423365, 2361.1165996544605, 680.8543594530538, -2330.486541752674, 16.08550759402537, -43.48250627475172, 924.106102719373, 929.2638597644692, 
2025 OCT 07 05:06:36, 813085664.7251413, 3771.9210332512553, 2361.2127787754866, 681.5894469746983, -2330.177869285494, 16.10135286640042, -43.47526912637206, 921.0348540729517, 926.1766135560787, 
2025 OCT 07 05:06:37, 813085665.727229, 3771.8982890449365, 2361.308870104126, 682.3240261409642, -2329.8691578598246, 16.11718350258566, -43.46803194753699, 917.9671833948778, 923.0919340252786, 
2025 OCT 07 05:06:38, 813085666.7293167, 3771.87555639704, 2361.4048729301558, 683.0581019909635, -2329.5604071974553, 16.132999627234494, -43.46079473162499, 914.9031341216593, 920.0098500824273, 
2025 OCT 07 05:06:39, 813085667.7314044, 3771.852831643514, 2361.500788412682, 683.7916718456966, -2329.2516173797544, 16.148801180034955, -43.453557480444836, 911.8427443772898, 916.9303868966008, 
2025 OCT 07 05:06:40, 813085668.733492, 3771.830118503987, 2361.5966164022525, 684.5247399467531, -2328.9427877920466, 16.164588264078006, -43.44632017949387, 908.7860568500685, 913.8535741356276, 
2025 OCT 07 05:06:41, 813085669.7355797, 3771.807413316774, 2361.692357181669, 685.2573063487965, -2328.6339185981387, 16.18036088588688, -43.43908283251662, 905.733112474254, 910.7794377861636, 
2025 OCT 07 05:06:42, 813085670.7376674, 3771.7847178993684, 2361.788010885078, 685.9893735425594, -2328.325009401192, 16.19611910744441, -43.43184543012121, 902.6839539902782, 907.7080072472957, 
2025 OCT 07 05:06:43, 813085671.7397552, 3771.7620341852903, 2361.883577732952, 686.7209440892052, -2328.0160596936225, 16.211862991700556, -43.42460796032617, 899.6386242197084, 904.6393119518698, 
2025 OCT 07 05:06:44, 813085672.7418427, 3771.739358478114, 2361.979057672305, 687.4520185544166, -2327.707069820676, 16.227592558709986, -43.417370431130664, 896.5971675466909, 901.5733803127385, 
2025 OCT 07 05:06:45, 813085673.7439305, 3771.7166926152363, 2362.074451467509, 688.1825980411602, -2327.398039149962, 16.24330783520765, -43.41013282763469, 893.559625294492, 898.5102411334038, 
2025 OCT 07 05:06:46, 813085674.7460182, 3771.6940385159614, 2362.169758986601, 688.9126858857752, -2327.088967292693, 16.259008903661954, -43.402895140649754, 890.526043074999, 895.4499256404289, 
2025 OCT 07 05:06:47, 813085675.7481059, 3771.6713925111007, 2362.2649802546093, 689.6422826586329, -2326.779854508117, 16.27469578364214, -43.395657376164415, 887.4964664364152, 892.3924629545098, 
2025 OCT 07 05:06:48, 813085676.7501935, 3771.6487564436393, 2362.3601159436075, 690.3713892594517, -2326.4707003086905, 16.2903684978414, -43.38841952268157, 884.470939295189, 889.337884142474, 
2025 OCT 07 05:06:49, 813085677.7522812, 3771.626132215375, 2362.455165688971, 691.1000100687354, -2326.161504223581, 16.306027153462008, -43.381181569100896, 881.4495086669838, 886.2862207404313, 
2025 OCT 07 05:06:50, 813085678.7543689, 3771.6035161185, 2362.5501303289784, 691.8281430979486, -2325.852266440729, 16.32167170750747, -43.373943519745836, 878.432219317185, 883.2375025260554, 
2025 OCT 07 05:06:51, 813085679.7564566, 3771.580911925103, 2362.645009416139, 692.5557935470979, -2325.542986325492, 16.33730228594994, -43.36670535968768, 875.4191201238461, 880.1917632500097, 
2025 OCT 07 05:06:52, 813085680.7585442, 3771.5583159065186, 2362.7398034855973, 693.2829602690953, -2325.233664119662, 16.35291886652713, -43.35946709451271, 872.4102578676749, 877.1490337841229, 
2025 OCT 07 05:06:53, 813085681.7606319, 3771.535729933331, 2362.834512720665, 694.0096460109086, -2324.9242992707927, 16.368521516220113, -43.35222871122232, 869.4056798770868, 874.1093466659169, 
2025 OCT 07 05:06:54, 813085682.7627196, 3771.513155962926, 2362.9291375799407, 694.7358523341644, -2324.614891295965, 16.384110273696262, -43.34499019845066, 866.4054342522193, 871.0727357273867, 
2025 OCT 07 05:06:55, 813085683.7648073, 3771.4905902267365, 2363.0236777139817, 695.4615808055368, -2324.3054405200637, 16.39968518300527, -43.33775156373229, 863.4095718917985, 868.0392335461472, 
2025 OCT 07 05:06:56, 813085684.7668949, 3771.468034666536, 2363.1181335609404, 696.1868329725639, -2323.995946480173, 16.41524628257348, -43.33051279617331, 860.4181419953169, 865.0088747981391, 
2025 OCT 07 05:06:57, 813085685.7689826, 3771.445491099717, 2363.2125053165205, 696.9116115823655, -2323.6864085989814, 16.43079363914258, -43.32327388220993, 857.4311942244884, 861.9816937223688, 
2025 OCT 07 05:06:58, 813085686.7710704, 3771.4229558832053, 2363.306793241962, 697.6359162987484, -2323.3768271442223, 16.446327250210533, -43.31603482804378, 854.4487797240238, 858.9577240439601, 
2025 OCT 07 05:06:59, 813085687.7731581, 3771.400430854955, 2363.4009974484115, 698.3597497160715, -2323.067201664112, 16.461847179605392, -43.30879562305171, 851.4709500717803, 855.9370016285595, 
2025 OCT 07 05:07:00, 813085688.7752457, 3771.3779179829558, 2363.495118126266, 699.0831142007394, -2322.7575316912257, 16.477353485503215, -43.30155625625011, 848.4977578070485, 852.9195632772997, 
2025 OCT 07 05:07:01, 813085689.7773334, 3771.3554134390133, 2363.589155498688, 699.8060097840045, -2322.4478174170717, 16.492846173774183, -43.29431673206219, 845.5292548144527, 849.905442838781, 
2025 OCT 07 05:07:02, 813085690.7794211, 3771.332921117045, 2363.683109720923, 700.5284397200504, -2322.138058140357, 16.50832532254836, -43.287077034043676, 842.5654949584465, 846.8946787852876, 
2025 OCT 07 05:07:03, 813085691.7815088, 3771.310437170492, 2363.7769807087006, 701.2504047776231, -2321.828254137924, 16.523790956106744, -43.279837168615096, 839.6065330925635, 843.8873069511152, 
2025 OCT 07 05:07:04, 813085692.7835964, 3771.287963578506, 2363.870769217438, 701.9719055720143, -2321.5184048864376, 16.539243089746993, -43.27259712349772, 836.6524222879692, 840.8833653842509, 
2025 OCT 07 05:07:05, 813085693.7856841, 3771.2655022890453, 2363.9644751227515, 702.6929456807511, -2321.20850986038, 16.55468181053197, -43.26535688636776, 833.7032181959734, 837.8828924942561, 
2025 OCT 07 05:07:06, 813085694.7877718, 3771.243049416308, 2364.058098357068, 703.4135256170874, -2320.898569389923, 16.570107136861683, -43.25811646489566, 830.7589779563689, 834.8859258752944, 
2025 OCT 07 05:07:07, 813085695.7898595, 3771.2206070206375, 2364.151639650927, 704.1336461995503, -2320.5885829094204, 16.585519088633045, -43.25087584582498, 827.8197562747803, 831.8925047791031, 
2025 OCT 07 05:07:08, 813085696.7919471, 3771.1981768956525, 2364.245098571712, 704.853311532422, -2320.2785500363775, 16.600917766559817, -43.2436350201829, 824.8856128407904, 828.9026703974052, 
2025 OCT 07 05:07:09, 813085697.7940348, 3771.1757553693346, 2364.3384759415244, 705.5725199378014, -2319.9684708570408, 16.61630313429727, -43.23639398994647, 821.9566027938084, 825.9164600220431, 
2025 OCT 07 05:07:10, 813085698.7961226, 3771.153346210928, 2364.4317713126716, 706.2912762951564, -2319.6583447653084, 16.631675309835902, -43.22915274092674, 819.0327872714495, 822.9339166777879, 
2025 OCT 07 05:07:11, 813085699.7982103, 3771.1309456652048, 2364.524985473422, 707.0095788224846, -2319.348171910115, 16.647034254699626, -43.221911276568065, 816.1142234886273, 819.955079366557, 
2025 OCT 07 05:07:12, 813085700.8002979, 3771.108555640586, 2364.6181180010776, 707.727431514446, -2319.0379519202947, 16.66238006695184, -43.214669588172754, 813.2009739801116, 816.979991437867, 
2025 OCT 07 05:07:13, 813085701.8023856, 3771.086178067197, 2364.7111693122506, 708.4448362351184, -2318.7276842168035, 16.677712791632462, -43.20742766219548, 810.2930978814093, 814.0086949159092, 
2025 OCT 07 05:07:14, 813085702.8044733, 3771.0638091884052, 2364.804140009569, 709.1617917660752, -2318.417368961971, 16.69303240397785, -43.20018550239872, 807.3906558706734, 811.0412310530053, 
2025 OCT 07 05:07:15, 813085703.806561, 3771.0414509095244, 2364.897029566192, 709.8783023680718, -2318.1070057998827, 16.708339008544282, -43.192943100450336, 804.4937123670517, 808.0776445681299, 
2025 OCT 07 05:07:16, 813085704.8086486, 3771.019105127484, 2364.9898384392955, 710.5943694629804, -2317.7965942369046, 16.723632640172404, -43.18570044480918, 801.6023297165771, 805.1179801818497, 
2025 OCT 07 05:07:17, 813085705.8107363, 3770.99676805215, 2365.0825668573343, 711.3099930965143, -2317.4861344251767, 16.73891330462408, -43.17845753900429, 798.7165708714231, 802.1622801394383, 
2025 OCT 07 05:07:18, 813085706.812824, 3770.974441689277, 2365.175214991727, 712.0251755935491, -2317.175625881976, 16.75418105866183, -43.171214371754594, 795.8365007722116, 799.2105906695523, 
2025 OCT 07 05:07:19, 813085707.8149117, 3770.952127955294, 2365.267782948097, 712.7399194422063, -2316.865068137944, 16.769435963069547, -43.16397093209615, 792.9621847582204, 796.2629582826396, 
2025 OCT 07 05:07:20, 813085708.8169993, 3770.929823005019, 2365.360270951666, 713.4542242915779, -2316.5544614635846, 16.78467801474992, -43.15672722632358, 790.0936891247321, 793.3194279934883, 
2025 OCT 07 05:07:21, 813085709.819087, 3770.907530742685, 2365.452679133626, 714.168093688028, -2316.2438050370324, 16.7999072977514, -43.14948323525787, 787.2310801803807, 790.3800476742806, 
2025 OCT 07 05:07:22, 813085710.8211747, 3770.8852472937547, 2365.545007702712, 714.8815272795782, -2315.933099142329, 16.815123809017557, -43.14223896551235, 784.3744258368164, 787.4448635557014, 
2025 OCT 07 05:07:23, 813085711.8232625, 3770.8629746541556, 2365.6372567985786, 715.5945275504951, -2315.6223432673582, 16.830327608893334, -43.13499440513773, 781.5237946109559, 784.5139246669952, 
2025 OCT 07 05:07:24, 813085712.82535, 3770.840714758288, 2365.7294262278083, 716.3070976381889, -2315.311537033062, 16.845518774404873, -43.12774954529182, 778.679257323251, 781.587281313045, 
2025 OCT 07 05:07:25, 813085713.8274378, 3770.818463767387, 2365.821516859123, 717.0192359099414, -2315.000680443529, 16.860697269582165, -43.12050438606609, 775.8408811094022, 778.6649800111936, 
2025 OCT 07 05:07:26, 813085714.8295255, 3770.7962236726366, 2365.9135285015086, 717.7309454661632, -2314.6897731245135, 16.87586317055979, -43.11325891873571, 773.0087384432337, 775.7470724180172, 
2025 OCT 07 05:07:27, 813085715.8316132, 3770.7739963732774, 2366.0054609838335, 718.442229582013, -2314.3788146238867, 16.89101655716255, -43.106013132765334, 770.182902293216, 772.8336104631138, 
2025 OCT 07 05:07:28, 813085716.8337008, 3770.7517780474363, 2366.0973151247586, 719.1530863143876, -2314.0678050875786, 16.906157386816844, -43.098767031557784, 767.3634433626678, 769.924643744593, 
2025 OCT 07 05:07:29, 813085717.8357885, 3770.729572552453, 2366.1890904380984, 719.8635207688873, -2313.7567438150613, 16.921285781986388, -43.09152059879643, 764.5504368749547, 767.0202260498112, 
2025 OCT 07 05:07:30, 813085718.8378762, 3770.7073761385273, 2366.2807877580444, 720.5735309399263, -2313.445630953328, 16.93640169857134, -43.0842738379126, 761.7439552593308, 764.1204083681619, 
2025 OCT 07 05:07:31, 813085719.8399639, 3770.6851907305872, 2366.3724065699025, 721.2831210055792, -2313.1344661096814, 16.95150523859391, -43.07702673976719, 758.9440761403202, 761.225245784938, 
2025 OCT 07 05:07:32, 813085720.8420515, 3770.6630182055364, 2366.463947634291, 721.9922915031241, -2312.823248719619, 16.96659641475221, -43.06977929122481, 756.1508738219989, 758.3347931796854, 
2025 OCT 07 05:07:33, 813085721.8441392, 3770.6408548005206, 2366.5554105488327, 722.7010441516871, -2312.5119790285185, 16.98167527375773, -43.06253149801296, 753.3644270403679, 755.4491039366973, 
2025 OCT 07 05:07:34, 813085722.8462269, 3770.6187024533233, 2366.646795771302, 723.4093803530512, -2312.2006565076813, 16.996741849452626, -43.05528334783552, 750.5848130494065, 752.5682347533887, 
2025 OCT 07 05:07:35, 813085723.8483146, 3770.596563091773, 2366.7381033943334, 724.1173025609842, -2311.889280669908, 17.01179620140605, -43.04803482936827, 747.8121108488282, 749.6922430747657, 
2025 OCT 07 05:07:36, 813085724.8504024, 3770.574432914162, 2366.829333941592, 724.8248096684774, -2311.5778516917867, 17.026838307413442, -43.040785946741885, 745.0463991289151, 746.821184223093, 
2025 OCT 07 05:07:37, 813085725.85249, 3770.552315781017, 2366.920486898766, 725.5319065645417, -2311.2663689413985, 17.041868284998696, -43.03353668526948, 742.2877615197375, 743.9551190604652, 
2025 OCT 07 05:07:38, 813085726.8545777, 3770.530207915509, 2367.0115628027343, 726.2385923194178, -2310.9548325235064, 17.056886115744383, -43.02628704741318, 739.5362780076983, 741.0941038281802, 
2025 OCT 07 05:07:39, 813085727.8566654, 3770.5081112264343, 2367.1025617585183, 726.9448692701808, -2310.6432419652524, 17.071891856431733, -43.019037022194716, 736.7920316960989, 738.2381994264513, 
2025 OCT 07 05:07:40, 813085728.8587531, 3770.4860276172985, 2367.1934838812044, 727.6507397791153, -2310.3315967724216, 17.086885564288323, -43.011786598144205, 734.0551064270036, 735.3874672631474, 
2025 OCT 07 05:07:41, 813085729.8608407, 3770.4639533409795, 2367.2843293872384, 728.356203571681, -2310.0198971664227, 17.101867237508316, -43.004535780443234, 731.3255872486986, 732.5419673379541, 
2025 OCT 07 05:07:42, 813085730.8629284, 3770.441892201526, 2367.3750983840764, 729.061263956441, -2309.7081423615195, 17.11683695423601, -42.99728455084669, 728.6035593409924, 729.7017629254796, 
2025 OCT 07 05:07:43, 813085731.8650161, 3770.4198404507724, 2367.465790769319, 729.7659215443814, -2309.3963326223584, 17.13179473436554, -42.99003291554501, 725.8891110320681, 726.8669160184749, 
2025 OCT 07 05:07:44, 813085732.8671038, 3770.397799967736, 2367.5564072593743, 730.4701769905444, -2309.084467369321, 17.14674059317402, -42.98278086109447, 723.1823276558447, 724.0374907447764, 
2025 OCT 07 05:07:45, 813085733.8691914, 3770.3757726787826, 2367.6469476334914, 731.1740335121361, -2308.7725461692417, 17.16167460891191, -42.97552837746266, 720.4832996529675, 721.2135534511401, 
2025 OCT 07 05:07:46, 813085734.8712791, 3770.3537548883455, 2367.7374121687803, 731.8774909079747, -2308.46056915105, 17.17659678087304, -42.968275467688954, 717.7921162405988, 718.3951674158626, 
2025 OCT 07 05:07:47, 813085735.8733668, 3770.3317484325157, 2367.8278006442015, 732.5805523450715, -2308.1485358922873, 17.19150718613569, -42.961022121994695, 715.1088699516795, 715.5824007323945, 
2025 OCT 07 05:07:48, 813085736.8754545, 3770.30975531583, 2367.9181137463233, 733.2832185153684, -2307.8364458231513, 17.20640584087381, -42.95376832718144, 712.4336502742912, 712.7753211689192, 
2025 OCT 07 05:07:49, 813085737.8775421, 3770.2877716488492, 2368.0083511299667, 733.9854907183217, -2307.5242992277754, 17.221292781706577, -42.94651408990114, 709.7665530976487, 709.973996298147, 
2025 OCT 07 05:07:50, 813085738.8796299, 3770.26580133114, 2368.0985134387097, 734.6873707574962, -2307.212095227144, 17.236168049593353, -42.93925938977604, 707.1076694098184, 707.1784959714574, 
2025 OCT 07 05:07:51, 813085739.8817176, 3770.2438405593816, 2368.1886002866427, 735.3888599200401, -2306.899834146412, 17.25103168110859, -42.932004234414414, 704.4570973322933, 704.38888967398, 
2025 OCT 07 05:07:52, 813085740.8838053, 3770.221891273746, 2368.27861241726, 736.0899588524592, -2306.587515365263, 17.26588369093416, -42.92474860945743, 701.8149306340059, 701.6052489061257, 
2025 OCT 07 05:07:53, 813085741.8858929, 3770.1999554292565, 2368.368549280439, 736.7906715419285, -2306.275138520068, 17.280724176289624, -42.91749250651537, 699.181269648675, 698.8276478282457, 
2025 OCT 07 05:07:54, 813085742.8879806, 3770.1780291781597, 2368.4584114205672, 737.4909970818958, -2305.9627036778575, 17.29555311889879, -42.91023592720422, 696.5562110214565, 696.0561568190427, 
2025 OCT 07 05:07:55, 813085743.8900683, 3770.1561164252103, 2368.5481992110977, 738.1909377532754, -2305.650210071493, 17.310370571945015, -42.90297885376834, 693.9398534513148, 693.290851965335, 
2025 OCT 07 05:07:56, 813085744.892156, 3770.1342133142016, 2368.637912275252, 738.8904948683172, -2305.3376579990268, 17.32517657237048, -42.895721293193226, 691.3323003940518, 690.5318073053165, 
2025 OCT 07 05:07:57, 813085745.8942436, 3770.1123218208495, 2368.727550969136, 739.5896699890747, -2305.025046933453, 17.33997115756453, -42.8884632333062, 688.733652812444, 687.77910003255, 
2025 OCT 07 05:07:58, 813085746.8963313, 3770.0904438756875, 2368.817115432644, 740.2884655443266, -2304.712376289834, 17.354754385470265, -42.88120466059562, 686.144013202202, 685.0328077558975, 
2025 OCT 07 05:07:59, 813085747.898419, 3770.0685756568196, 2368.9066058877297, 740.9868811930689, -2304.3996462765963, 17.369526252399343, -42.87394557997076, 683.5634861962247, 682.2930072783245, 
2025 OCT 07 05:08:00, 813085748.9005067, 3770.046719068496, 2368.9960223860503, 741.6849192610262, -2304.0868564271536, 17.384286814579085, -42.86668598067284, 680.9921772102739, 679.5597789498954, 
2025 OCT 07 05:08:01, 813085749.9025943, 3770.024876179868, 2369.085365059117, 742.3825820406593, -2303.774006201117, 17.39903612691199, -42.85942585023567, 678.430193208226, 676.8332046515246, 
2025 OCT 07 05:08:02, 813085750.904682, 3770.003043043364, 2369.1746341162316, 743.0798693964707, -2303.461095749818, 17.413774190262647, -42.85216519224842, 675.8776414032262, 674.1133633842819, 
2025 OCT 07 05:08:03, 813085751.9067698, 3769.981223573667, 2369.2638296167224, 743.7767844254074, -2303.1481243454514, 17.42850107768834, -42.84490398990299, 673.334631084046, 671.4003401314029, 
2025 OCT 07 05:08:04, 813085752.9088575, 3769.959413928853, 2369.352951750385, 744.4733268795339, -2302.8350921919064, 17.443216787671318, -42.8376422480115, 670.8012725020752, 668.6942168229218, 
2025 OCT 07 05:08:05, 813085753.910945, 3769.9376161035298, 2369.442000650437, 745.1694989427242, -2302.5219987730284, 17.457921372597948, -42.830379954683075, 668.2776773970841, 665.9950797727441, 
2025 OCT 07 05:08:06, 813085754.9130328, 3769.9158320189335, 2369.530976064462, 745.8653039727008, -2302.208843585972, 17.47261491330997, -42.82311709834117, 665.763959150838, 663.3030157921314, 
2025 OCT 07 05:08:07, 813085755.9151205, 3769.894057806564, 2369.6198788404186, 746.5607399675075, -2301.8956267218814, 17.48729736507876, -42.81585368118835, 663.2602291597806, 660.6181098853937, 
2025 OCT 07 05:08:08, 813085756.9172082, 3769.8722974339735, 2369.7087087075683, 747.255810919242, -2301.5823474890612, 17.50196882277179, -42.80858968727549, 660.7666038985316, 657.9404528832073, 
2025 OCT 07 05:08:09, 813085757.9192958, 3769.8505469783186, 2369.7974655717676, 747.95051725255, -2301.269006156686, 17.516629301528482, -42.80132512293669, 658.2832014239841, 655.2701331697954, 
2025 OCT 07 05:08:10, 813085758.9213835, 3769.8288084603523, 2369.8861501420633, 748.6448598821464, -2300.955602018279, 17.531278821678672, -42.79405997188735, 655.8101358589614, 652.6072413425703, 
2025 OCT 07 05:08:11, 813085759.9234712, 3769.8070838025574, 2369.9747619277287, 749.338842525476, -2300.6421346848624, 17.545917473460356, -42.78679422520938, 653.347529121329, 649.951871531153, 
2025 OCT 07 05:08:12, 813085760.9255589, 3769.785369176762, 2370.0633016870543, 750.0324633971504, -2300.328604264091, 17.560545217450873, -42.779527885498084, 650.895498454073, 647.3041144667834, 
2025 OCT 07 05:08:13, 813085761.9276465, 3769.7636684611475, 2370.1517689160655, 750.7257271082668, -2300.015010087697, 17.575162163557856, -42.772260937368024, 648.4541682472178, 644.6640677781267, 
2025 OCT 07 05:08:14, 813085762.9297342, 3769.7419778182393, 2370.2401640824005, 751.4186328326265, -2299.701352247549, 17.589768295420328, -42.76499338305261, 646.0236591228154, 642.0318244263835, 
2025 OCT 07 05:08:15, 813085763.931822, 3769.720299219625, 2370.3284876172556, 752.1111818454062, -2299.387630194153, 17.604363643085644, -42.75772520992624, 643.6040936996839, 639.4074825714745, 
2025 OCT 07 05:08:16, 813085764.9339097, 3769.698634571206, 2370.416738968978, 752.8033781824151, -2299.073843484084, 17.618948304038952, -42.750456407826206, 641.1955999338076, 636.7911424070082, 
2025 OCT 07 05:08:17, 813085765.9359972, 3769.676980097433, 2370.504918646784, 753.4952205821425, -2298.7599923036337, 17.633522252015073, -42.74318698117922, 638.7983030805318, 634.1829017348769, 
2025 OCT 07 05:08:18, 813085766.938085, 3769.655337682945, 2370.593026764522, 754.1867115266051, -2298.446076029497, 17.648085545685078, -42.73591691566131, 636.4123301364621, 631.5828620367791, 
2025 OCT 07 05:08:19, 813085767.9401727, 3769.633709331289, 2370.681063393876, 754.8778532129913, -2298.132094170334, 17.66263823771955, -42.72864620001096, 634.0378102164527, 628.9911271920389, 
2025 OCT 07 05:08:20, 813085768.9422604, 3769.612091206201, 2370.769029035689, 755.5686445454877, -2297.818046864246, 17.677180305503327, -42.721374837545, 631.6748720734367, 626.4077986471909, 
2025 OCT 07 05:08:21, 813085769.944348, 3769.5904871868634, 2370.856923138471, 756.2590901627683, -2297.503933458218, 17.69171185957952, -42.714102813264624, 629.3236503315017, 623.8329846800549, 
2025 OCT 07 05:08:22, 813085770.9464357, 3769.5688934070363, 2370.9447461946606, 756.9491892088604, -2297.1897540177742, 17.7062328826119, -42.70683012881001, 626.9842756620845, 621.266788873261, 
2025 OCT 07 05:08:23, 813085771.9485234, 3769.5473118780956, 2371.0324980289183, 757.6389445671302, -2296.875508071531, 17.72074344393825, -42.6995567733943, 624.6568838454004, 618.7093209554861, 
2025 OCT 07 05:08:24, 813085772.9506111, 3769.525744491547, 2371.1201792509205, 758.3283570222607, -2296.5611950281477, 17.735243561339345, -42.69228273345979, 622.3416069571092, 616.160690653802, 
2025 OCT 07 05:08:25, 813085773.9526987, 3769.5041874520057, 2371.2077898138728, 759.0174268955661, -2296.2468151160874, 17.74973324702107, -42.68500801442417, 620.038583396387, 613.6210074228625, 
2025 OCT 07 05:08:26, 813085774.9547864, 3769.482644618454, 2371.2953297649565, 759.7061575324723, -2295.9323674785687, 17.764212578792897, -42.67773259659458, 617.7479502476244, 611.0903850351539, 
2025 OCT 07 05:08:27, 813085775.9568741, 3769.4611121629127, 2371.3827992876545, 760.3945485440325, -2295.6178523375, 17.778681551632914, -42.67045648524082, 615.4698469232428, 608.5689354845016, 
2025 OCT 07 05:08:28, 813085776.9589618, 3769.4395920023417, 2371.4701981421526, 761.0826029826754, -2295.303269219687, 17.793140238879822, -42.663179669552264, 613.2044151705644, 606.0567753370412, 
2025 OCT 07 05:08:29, 813085777.9610494, 3769.418086179644, 2371.5575270461572, 761.7703213997044, -2294.9886174905346, 17.807588652313893, -42.65590213499049, 610.9517935455815, 603.554022027562, 
2025 OCT 07 05:08:30, 813085778.9631371, 3769.396590748511, 2371.644785856591, 762.457704539621, -2294.6738973299475, 17.8220268139823, -42.64862388585918, 608.7121259615244, 601.0607913195313, 
2025 OCT 07 05:08:31, 813085779.9652249, 3769.3751097005825, 2371.7319743555377, 763.1447561076103, -2294.3591080201536, 17.83645481126283, -42.641344905703725, 606.4855581269165, 598.5772057978359, 
2025 OCT 07 05:08:32, 813085780.9673126, 3769.3536391443213, 2371.8190933208157, 763.8314742939185, -2294.0442496357814, 17.85087260374976, -42.63406519639705, 604.2722321851206, 596.1033837874247, 
2025 OCT 07 05:08:33, 813085781.9694002, 3769.3321810374305, 2371.906142205472, 764.5178628490681, -2293.729321775685, 17.865280282072032, -42.62678474881291, 602.0722979461402, 593.6394501461375, 
2025 OCT 07 05:08:34, 813085782.9714879, 3769.3107372950535, 2371.9931214269654, 765.2039234002609, -2293.414323748376, 17.879677883542833, -42.61950354711841, 599.8859008079855, 591.1855292819334, 
2025 OCT 07 05:08:35, 813085783.9735756, 3769.289304189573, 2372.080031485878, 765.8896546758259, -2293.0992557317227, 17.89406538144313, -42.61222159557988, 597.7131883813581, 588.7417449024904, 
2025 OCT 07 05:08:36, 813085784.9756633, 3769.267885485374, 2372.166871782719, 766.5750614683972, -2292.78411702601, 17.908442889465256, -42.604938878182146, 595.5543137432666, 586.3082272451376, 
2025 OCT 07 05:08:37, 813085785.9777509, 3769.2464773970455, 2372.2536428193744, 767.2601425249715, -2292.468907798736, 17.922810381252066, -42.59765539895492, 593.4094268516843, 583.8851031136097, 
2025 OCT 07 05:08:38, 813085786.9798386, 3769.2250818820967, 2372.340345003574, 767.9448994722762, -2292.153627361569, 17.937167894079078, -42.59037114215404, 591.2786777779726, 581.4725032382228, 
2025 OCT 07 05:08:39, 813085787.9819263, 3769.2037008907264, 2372.426977803079, 768.6293360603371, -2291.838275281525, 17.951515518250478, -42.583086097941234, 589.1622234593724, 579.0705619173327, 
2025 OCT 07 05:08:40, 813085788.984014, 3769.1823305978724, 2372.5135416812045, 769.3134512026511, -2291.522851706912, 17.965853231272774, -42.57580026990912, 587.060216954533, 576.6794103950635, 
2025 OCT 07 05:08:41, 813085789.9861016, 3769.160974857986, 2372.6000367065935, 769.9972478470993, -2291.2073558511756, 17.980181101604238, -42.568513640058356, 584.9728140516654, 574.2991865408791, 
2025 OCT 07 05:08:42, 813085790.9881893, 3769.1396298278123, 2372.6864630491323, 770.6807258805984, -2290.8917878377215, 17.99449913007074, -42.5612262114107, 582.9001711844354, 571.9300246009183, 
2025 OCT 07 05:08:43, 813085791.990277, 3769.118297469145, 2372.772820786678, 771.363887445671, -2290.5761471335277, 18.008807367411432, -42.55393797183018, 580.8424463566572, 569.5720646373529, 
2025 OCT 07 05:08:44, 813085792.9923648, 3769.096979769585, 2372.8591100132094, 772.0467347642722, -2290.26043315963, 18.02310586594721, -42.54664890812585, 578.7997983388972, 567.2254480710723, 
2025 OCT 07 05:08:45, 813085793.9944524, 3769.075672882701, 2372.9453308986226, 772.7292674157012, -2289.9446461375037, 18.037394619729135, -42.53935902558998, 576.7723875025956, 564.890314877443, 
2025 OCT 07 05:08:46, 813085794.9965401, 3769.0543806734563, 2373.0314834756136, 773.4114886924655, -2289.62878519005, 18.051673704833924, -42.53206830415631, 574.7603740327019, 562.5668103230792, 
2025 OCT 07 05:08:47, 813085795.9986278, 3769.0330992775434, 2373.117567661347, 774.0933989093232, -2289.312850549075, 18.065943133123653, -42.52477674935936, 572.7639219735564, 560.2550780156798, 
2025 OCT 07 05:08:48, 813085797.0007155, 3769.0118307196767, 2373.2035841001352, 774.7749987596777, -2288.9968415743033, 18.080202919538806, -42.51748434660754, 570.7831905964762, 557.9552652734884, 
2025 OCT 07 05:08:49, 813085798.0028031, 3768.990576878783, 2373.289532547936, 775.4562911533795, -2288.68075779228, 18.09445313367581, -42.510191085165026, 568.8183455375167, 555.6675223953374, 
2025 OCT 07 05:08:50, 813085799.0048908, 3768.969333986707, 2373.3754132375307, 776.1372758877393, -2288.3645992803017, 18.108693773804223, -42.50289696700679, 566.8695511023143, 553.3919968046843, 
2025 OCT 07 05:08:51, 813085800.0069785, 3768.9481058759443, 2373.4612258840384, 776.8179567769141, -2288.0483652987095, 18.122924929472894, -42.495601975262055, 564.9369745622857, 551.1288432846372, 
2025 OCT 07 05:08:52, 813085801.0090662, 3768.9268887082167, 2373.5469712704494, 777.4983318967552, -2287.732055935235, 18.137146557448805, -42.48830611215116, 563.0207790051716, 548.8782123309113, 
2025 OCT 07 05:08:53, 813085802.0111538, 3768.905684421664, 2373.6326488421305, 778.1784049876395, -2287.415670746968, 18.1513587475395, -42.48100936765593, 561.1211350565067, 546.6402612905326, 
2025 OCT 07 05:08:54, 813085803.0132415, 3768.8844950460107, 2373.7182593116468, 778.8581767967341, -2287.0992089939086, 18.16556151521129, -42.473711724912405, 559.238206555097, 544.415146965131, 
2025 OCT 07 05:08:55, 813085804.0153292, 3768.863316717967, 2373.8038022655737, 779.5376484674302, -2286.7826709561687, 18.179754892593827, -42.46641319058423, 557.372166073849, 542.2030265528803, 
2025 OCT 07 05:08:56, 813085805.017417, 3768.8421532963694, 2373.8892779846847, 780.2168223412901, -2286.4660557962648, 18.193938932934635, -42.459113745567635, 555.5231808493573, 540.00406217799, 
2025 OCT 07 05:08:57, 813085806.0195045, 3768.821000933188, 2373.9746870203257, 780.8956971249518, -2286.149363622692, 18.20811360833467, -42.4518133925732, 553.6914194178756, 537.8184132027848, 
2025 OCT 07 05:08:58, 813085807.0215923, 3768.799861585973, 2374.060028800589, 781.5742767978509, -2285.8325939165125, 18.222279013770425, -42.444512119849115, 551.8770553203952, 535.6462444925309, 
2025 OCT 07 05:08:59, 813085808.02368, 3768.778737240886, 2374.1453036830544, 782.2525627532341, -2285.5157460743553, 18.236435181192437, -42.437209913703455, 550.0802579186972, 533.4877222643266, 
2025 OCT 07 05:09:00, 813085809.0257677, 3768.757624049162, 2374.2305118845534, 782.9305545334358, -2285.198820261919, 18.25058210324537, -42.42990677817179, 548.3011989956999, 531.3430108812809, 
2025 OCT 07 05:09:01, 813085810.0278553, 3768.7365258826203, 2374.3156537222653, 783.6082543426616, -2284.8818156401353, 18.2647198297832, -42.42260269413833, 546.5400486824188, 529.212280928951, 
2025 OCT 07 05:09:02, 813085811.029943, 3768.7154389064253, 2374.4007287773597, 784.2856635947102, -2284.5647323908483, 18.278848398709165, -42.4152976660149, 544.7969829373884, 527.0957002601889, 
2025 OCT 07 05:09:03, 813085812.0320307, 3768.6943670201645, 2374.485737354218, 784.9627844918265, -2284.247569683561, 18.292967859860262, -42.407991674892806, 543.0721726050213, 524.9934426924361, 
2025 OCT 07 05:09:04, 813085813.0341184, 3768.6733063453817, 2374.570679671211, 785.6396166692444, -2283.9303276455944, 18.307078207821444, -42.40068472393213, 541.365791130991, 522.9056789206146, 
2025 OCT 07 05:09:05, 813085814.036206, 3768.6522588636612, 2374.655555782282, 786.3161621813109, -2283.613005750392, 18.321179490965424, -42.39337680123348, 539.6780118959477, 520.8325851365623, 
2025 OCT 07 05:09:06, 813085815.0382937, 3768.6312265308907, 2374.7403657504105, 786.9924234053507, -2283.2956033492665, 18.335271764585286, -42.386067892090864, 538.0090078892225, 518.7743382843513, 
2025 OCT 07 05:09:07, 813085816.0403814, 3768.610205519951, 2374.825109479881, 787.6684007002156, -2282.978120641633, 18.349355041204483, -42.37875800133126, 536.3589552283967, 516.731114362651, 
2025 OCT 07 05:09:08, 813085817.0424691, 3768.589199685001, 2374.909787541283, 788.3440955433424, -2282.660556759618, 18.36342935284403, -42.37144710920978, 534.7280236067485, 514.7030942821054, 
2025 OCT 07 05:09:09, 813085818.0445567, 3768.5682052192665, 2374.9943998653885, 789.0195082335156, -2282.3429118935915, 18.377494710499814, -42.36413522034924, 533.1163892228786, 512.6904570081311, 
2025 OCT 07 05:09:10, 813085819.0466444, 3768.5472240030517, 2375.0789465137364, 789.6946411490893, -2282.0251853878817, 18.391551169392958, -42.35682231989855, 531.5242252904478, 510.6933854368347, 
2025 OCT 07 05:09:11, 813085820.0487322, 3768.52625808492, 2375.163427224468, 790.3694971980752, -2281.7073767349234, 18.405598798543274, -42.349508396421825, 529.9517074257099, 508.7120651463623, 
2025 OCT 07 05:09:12, 813085821.0508199, 3768.5053035872465, 2375.2478428029285, 791.0440744191947, -2281.3894859938705, 18.41963755347797, -42.34219345152855, 528.3990056366099, 506.74667791669816, 
2025 OCT 07 05:09:13, 813085822.0529075, 3768.4843644022094, 2375.3321929616163, 791.7183764952653, -2281.0715124146504, 18.433667520181775, -42.33487746820963, 526.8662949458407, 504.7974132717688, 
2025 OCT 07 05:09:14, 813085823.0549952, 3768.4634366494524, 2375.416477601687, 792.3924040748287, -2280.7534560900285, 18.4476887173565, -42.3275604488527, 525.3537501818952, 502.8644563814237, 
2025 OCT 07 05:09:15, 813085824.0570829, 3768.442522320695, 2375.500697364331, 793.0661576588939, -2280.435316400832, 18.46170115513208, -42.32024237946865, 523.8615401012847, 500.94799701823433, 
2025 OCT 07 05:09:16, 813085825.0591706, 3768.421623409832, 2375.584851709968, 793.7396409885449, -2280.1170928278457, 18.47570492247678, -42.312923248373856, 522.3898405884189, 499.0482275900513, 
2025 OCT 07 05:09:17, 813085826.0612582, 3768.400735970959, 2375.668941116406, 794.4128528606088, -2279.79878550208, 18.489699993673206, -42.305603058842635, 520.9388217087458, 497.1653369021885, 
2025 OCT 07 05:09:18, 813085827.0633459, 3768.3798640142904, 2375.752965956235, 795.0857955631383, -2279.480393460764, 18.503686419497527, -42.29828178899826, 519.5086519562238, 495.29951946623504, 
2025 OCT 07 05:09:19, 813085828.0654336, 3768.3590036126834, 2375.8369257422883, 795.7584703612655, -2279.1619169764185, 18.517664234744004, -42.29095944537417, 518.0995060080533, 493.45096759982647, 
2025 OCT 07 05:09:20, 813085829.0675213, 3768.338158658915, 2375.9208208364503, 796.4308793596415, -2278.843355155411, 18.53163348622429, -42.28363600769345, 516.7115512028263, 491.6198784273078, 
2025 OCT 07 05:09:21, 813085830.0696089, 3768.317325326803, 2376.004651695768, 797.1030213952239, -2278.5247081326547, 18.54559414918905, -42.27631147932988, 515.3449547662208, 489.8064452942315, 
2025 OCT 07 05:09:22, 813085831.0716966, 3768.2965055494124, 2376.0884178040833, 797.7749002909009, -2278.2059753219637, 18.55954631403045, -42.26898584708304, 513.9998880914292, 488.0108668344459, 
2025 OCT 07 05:09:23, 813085832.0737844, 3768.2757013662367, 2376.1721195013556, 798.4465173904077, -2277.8871561085534, 18.573490011137675, -42.261659097101536, 512.67651594658, 486.2333421995355, 
2025 OCT 07 05:09:24, 813085833.0758721, 3768.254908852626, 2376.2557569723913, 799.1178722974108, -2277.5682506389135, 18.58742523430823, -42.25433123303213, 511.3750044834969, 484.47406765291583, 
2025 OCT 07 05:09:25, 813085834.0779597, 3768.234131922121, 2376.3393302196655, 799.7889679579483, -2277.2492580878857, 18.601352051060786, -42.24700223619712, 510.0955180965965, 482.73324566393234, 
2025 OCT 07 05:09:26, 813085835.0800474, 3768.213366722925, 2376.422839453583, 800.4598041011635, -2276.9301785294797, 18.615270457690674, -42.239672108582624, 508.8382202193272, 481.0110737300139, 
2025 OCT 07 05:09:27, 813085836.0821351, 3768.192615170217, 2376.506284714537, 801.1303828459788, -2276.611011382234, 18.629180503471968, -42.232340837118514, 507.6032727919181, 479.30775448152104, 
2025 OCT 07 05:09:28, 813085837.0842228, 3768.1718793396853, 2376.5896660593476, 801.8007063014956, -2276.291756048253, 18.643082237309596, -42.22500840836336, 506.3908362367495, 477.62349113532633, 
2025 OCT 07 05:09:29, 813085838.0863104, 3768.1511553073233, 2376.6729836457703, 802.4707740697188, -2275.972412696162, 18.656975653079556, -42.21767482648384, 505.201070188647, 475.95848360859173, 
2025 OCT 07 05:09:30, 813085839.0883981, 3768.130446940302, 2376.756237216953, 803.1405899876935, -2275.6529804458505, 18.67086083932375, -42.21034007156504, 504.0341334317111, 474.3129373862376, 
2025 OCT 07 05:09:31, 813085840.0904858, 3768.109750403707, 2376.839427550781, 803.8101521565654, -2275.3334593465183, 18.684737752875318, -42.2030041450364, 502.8901782709569, 472.6870525758042, 
2025 OCT 07 05:09:32, 813085841.0925735, 3768.089069664837, 2376.9225543795947, 804.4794641844312, -2275.0138486044643, 18.69860647734223, -42.19566702897772, 501.76936028353236, 471.08103592399647, 
2025 OCT 07 05:09:33, 813085842.0946611, 3768.0684007694276, 2377.0056175286386, 805.1485265260109, -2274.694148428404, 18.71246702740892, -42.18832872848505, 500.671834239459, 469.4950892141265, 
2025 OCT 07 05:09:34, 813085843.0967488, 3768.0477456970493, 2377.0886177217362, 805.8173398521777, -2274.3743580227524, 18.726319415843257, -42.18098922560364, 499.5977456775035, 467.9294167316948, 
2025 OCT 07 05:09:35, 813085844.0988365, 3768.0271065396396, 2377.1715546746946, 806.4859070263174, -2274.054476863411, 18.740163710171764, -42.17364850861695, 498.54724470867944, 466.38422472401095, 
2025 OCT 07 05:09:36, 813085845.1009243, 3768.006479245406, 2377.254428259204, 807.1542284357462, -2273.7345051301963, 18.753999923224754, -42.16630658196474, 497.5204797663923, 464.8597149749877, 
2025 OCT 07 05:09:37, 813085846.1030118, 3767.9858678608252, 2377.337239103717, 807.8223054149397, -2273.414441887829, 18.767828082737076, -42.15896342450256, 496.5175900993312, 463.3560938255116, 
2025 OCT 07 05:09:38, 813085847.1050996, 3767.965268463619, 2377.4199868187447, 808.4901392933647, -2273.0942872526916, 18.781648223780046, -42.1516190392198, 495.5387214541338, 461.8735629539014, 
2025 OCT 07 05:09:39, 813085848.1071873, 3767.9446830066986, 2377.502671730277, 809.1577313391807, -2272.774040621558, 18.795460374826305, -42.14427341259939, 494.5840105849372, 460.4123271912161, 
2025 OCT 07 05:09:40, 813085849.109275, 3767.9241135040843, 2377.58529419299, 809.8250828977847, -2272.453701332384, 18.809264565778435, -42.13692652978169, 493.65359158312856, 458.972590889575, 
2025 OCT 07 05:09:41, 813085850.1113626, 3767.903556062063, 2377.6678537789708, 810.4921951242703, -2272.1332695974634, 18.82306082816111, -42.129578395963144, 492.74760307539333, 457.5545551507278, 
2025 OCT 07 05:09:42, 813085851.1134503, 3767.883014619698, 2377.7503508102236, 811.1590702295247, -2271.8127444796123, 18.836849210754043, -42.12222898998253, 491.86617333715014, 456.15842431161786, 
2025 OCT 07 05:09:43, 813085852.115538, 3767.8624852637054, 2377.832785789315, 811.8257070768962, -2271.4921260339775, 18.850629688722698, -42.114878313438, 491.0094291741227, 454.7843970346339, 
2025 OCT 07 05:09:44, 813085853.1176257, 3767.841971937659, 2377.915158088335, 812.4921101398345, -2271.1714135032025, 18.864402366621693, -42.107526349302255, 490.17749987192025, 453.43267769050107, 
2025 OCT 07 05:09:45, 813085854.1197133, 3767.821470717208, 2377.9974681814597, 813.1582782289894, -2270.8506069877353, 18.878167218654355, -42.10017310021671, 489.37050623955304, 452.10346325556964, 
2025 OCT 07 05:09:46, 813085855.121801, 3767.800983656388, 2378.0797161654427, 813.8242135225154, -2270.529705787122, 18.891924294450988, -42.09281855046711, 488.5885673411359, 450.79695380963864, 
2025 OCT 07 05:09:47, 813085856.1238887, 3767.780512735331, 2378.161902069849, 814.4899181036963, -2270.2087093010773, 18.90567364205392, -42.085462686641925, 487.83179932923986, 449.5133487191686, 
2025 OCT 07 05:09:48, 813085857.1259764, 3767.76005393335, 2378.2440260542244, 815.1553916017208, -2269.8876176628496, 18.919415255601827, -42.07810551214231, 487.1003156450835, 448.25284173057764, 
2025 OCT 07 05:09:49, 813085858.128064, 3767.739611346563, 2378.326088137115, 815.8206368506534, -2269.566430013595, 18.933149199359846, -42.07074700764, 486.39422572589416, 447.0156311039988, 
2025 OCT 07 05:09:50, 813085859.1301517, 3767.7191809637766, 2378.4080885286558, 816.4856536171683, -2269.245146382873, 18.94687547002426, -42.06338717416582, 485.7136361223024, 445.8019074823257, 
2025 OCT 07 05:09:51, 813085860.1322395, 3767.698766820017, 2378.490027204213, 817.150444797428, -2268.923765929781, 18.96059413345813, -42.0560259928133, 485.05864939903273, 444.6118659996514, 
2025 OCT 07 05:09:52, 813085861.1343272, 3767.6783649155213, 2378.571904048883, 817.8150107322401, -2268.602288813407, 18.97430520109774, -42.04866346758558, 484.4293674894547, 443.4456946321716, 
2025 OCT 07 05:09:53, 813085862.1364148, 3767.657977347195, 2378.6537197286393, 818.4793519188069, -2268.280714327442, 18.988008681957417, -42.041299582667754, 483.8258815650418, 442.30358281739115, 
2025 OCT 07 05:09:54, 813085863.1385025, 3767.6376060245134, 2378.7354739894977, 819.1434714168507, -2267.959041803313, 19.00170464703296, -42.03393432311644, 483.248285380378, 441.18571860692305, 
2025 OCT 07 05:09:55, 813085864.1405902, 3767.6172470292163, 2378.8171667080846, 819.807369498658, -2267.6372714289755, 19.015393106293256, -42.02656769360343, 482.69666989162516, 440.09228423987, 
2025 OCT 07 05:09:56, 813085865.1426779, 3767.596904360954, 2378.898798485591, 820.4710475289467, -2267.3154022501353, 19.029074087840417, -42.01919967265217, 482.17111456335164, 439.0234640429038, 
2025 OCT 07 05:09:57, 813085866.1447655, 3767.5765741197615, 2378.9803692356077, 821.1345058312404, -2266.9934343960135, 19.04274760244416, -42.011830263594966, 481.67170262805126, 437.97943564547705, 
2025 OCT 07 05:09:58, 813085867.1468532, 3767.5562602299206, 2379.061878619531, 821.797748327445, -2266.671366967748, 19.056413740168, -42.0044594462352, 481.19851215133934, 436.9603793952104, 
2025 OCT 07 05:09:59, 813085868.1489409, 3767.535958752999, 2379.1433274461115, 822.4607729049354, -2266.349200035313, 19.07007245266903, -41.99708722255455, 480.75161161509317, 435.9664665913279, 
2025 OCT 07 05:10:00, 813085869.1510286, 3767.515671738178, 2379.2247151782276, 823.1235831952624, -2266.0269330054334, 19.083723825184354, -41.98971357935908, 480.3310735870016, 434.9978715006006, 
2025 OCT 07 05:10:01, 813085870.1531162, 3767.4954011770365, 2379.3060421036043, 823.7861805399825, -2265.7045652471033, 19.09736788751545, -41.982338502597926, 479.93695979716057, 434.05476440534403, 
2025 OCT 07 05:10:02, 813085871.1552039, 3767.475143078154, 2379.387308786817, 824.4485638283197, -2265.3820967219303, 19.111004614651733, -41.974961991782045, 479.56932834991517, 433.13730793063, 
2025 OCT 07 05:10:03, 813085872.1572917, 3767.4549014788413, 2379.4685145600497, 825.1107374854532, -2265.059526679112, 19.124634109771605, -41.96758403012905, 479.22823896745456, 432.24566883966213, 
2025 OCT 07 05:10:04, 813085873.1593794, 3767.4346724282536, 2379.549659949301, 825.7727003342861, -2264.736855141447, 19.138256346691627, -41.960204618555395, 478.91374129338067, 431.3800035640934, 
2025 OCT 07 05:10:05, 813085874.161467, 3767.414459840858, 2379.6307449192486, 826.4344552173345, -2264.4140812661076, 19.15187138979442, -41.95282373818394, 478.6258818274988, 430.5404712906713, 
2025 OCT 07 05:10:06, 813085875.1635547, 3767.3942599430175, 2379.7117700213066, 827.0960010962955, -2264.0912049980357, 19.165479215667535, -41.94544138815713, 478.36470156651154, 429.7272214559333, 
2025 OCT 07 05:10:07, 813085876.1656424, 3767.3740745649916, 2379.7927346174024, 827.7573415446516, -2263.7682258524346, 19.17907990884328, -41.93805755779381, 478.13024280737255, 428.94040528917037, 
2025 OCT 07 05:10:08, 813085877.1677301, 3767.3539057980624, 2379.873639097953, 828.418477852581, -2263.4451430972954, 19.192673497086645, -41.930672230767186, 477.9225368649668, 428.18016917921716, 
2025 OCT 07 05:10:09, 813085878.1698177, 3767.3337497124585, 2379.9544836292616, 829.0794095529895, -2263.1219568676947, 19.206259972083863, -41.92328541057522, 477.7416135631283, 427.4466517202295, 
2025 OCT 07 05:10:10, 813085879.1719054, 3767.313610210925, 2380.035268222097, 829.7401396854001, -2262.798666190167, 19.21983940195931, -41.91589707538157, 477.58749697720987, 426.73999284045215, 
2025 OCT 07 05:10:11, 813085880.1739931, 3767.2934834343696, 2380.115993056938, 830.4006678121355, -2262.475271171927, 19.233411778892954, -41.90850722805315, 477.46020791794314, 426.0603229823045, 
2025 OCT 07 05:10:12, 813085881.1760808, 3767.273373371514, 2380.196658131961, 831.0609967919949, -2262.1517709133896, 19.24697716716525, -41.901115848453315, 477.35976149771443, 425.4077738840734, 
2025 OCT 07 05:10:13, 813085882.1781684, 3767.2532760361687, 2380.277263641547, 831.7211261742787, -2261.82816550972, 19.260535558542756, -41.89372293917899, 477.2861692668446, 424.78246716750505, 
2025 OCT 07 05:10:14, 813085883.1802561, 3767.233195401623, 2380.357809255749, 832.3810597777702, -2261.504454048955, 19.27408704029968, -41.88632847982173, 477.23943941756556, 424.18452587275044, 
2025 OCT 07 05:10:15, 813085884.1823438, 3767.213127574077, 2380.438295820728, 833.0407955272178, -2261.1806365365123, 19.28763156443771, -41.87893247093433, 477.21956985035473, 423.6140618216309, 
